구분,총 전력수요,,,,,,,,,,,,,,,,,,,,,,,
20160101,1191840 ,,,,,,,,,,,,,,,,,,,,,,,
20160102,1218450 ,,,,,,,,,,,,,,,,,,,,,,,
20160103,1219330 ,,,,,,,,,,,,,,,,,,,,,,,
20160104,1502150 ,,,,,,,,,,,,,,,,,,,,,,,
20160105,1540870 ,,,,,,,,,,,,,,,,,,,,,,,
20160106,1520060 ,,,,,,,,,,,,,,,,,,,,,,,
20160107,1548740 ,,,,,,,,,,,,,,,,,,,,,,,
20160108,1560780 ,,,,,,,,,,,,,,,,,,,,,,,
20160109,1436050 ,,,,,,,,,,,,,,,,,,,,,,,
20160110,1316490 ,,,,,,,,,,,,,,,,,,,,,,,
20160111,1552810 ,,,,,,,,,,,,,,,,,,,,,,,
20160112,1581420 ,,,,,,,,,,,,,,,,,,,,,,,
20160113,2709280 ,,,,,,,,,,,,,,,,,,,,,,,
20160114,2747360 ,,,,,,,,,,,,,,,,,,,,,,,
20160115,2740970 ,,,,,,,,,,,,,,,,,,,,,,,
20160116,2902670 ,,,,,,,,,,,,,,,,,,,,,,,
20160117,2823110 ,,,,,,,,,,,,,,,,,,,,,,,
20160118,3049450 ,,,,,,,,,,,,,,,,,,,,,,,
20160119,3126200 ,,,,,,,,,,,,,,,,,,,,,,,
20160120,3127920 ,,,,,,,,,,,,,,,,,,,,,,,
20160121,3015010 ,,,,,,,,,,,,,,,,,,,,,,,
20160122,2893380 ,,,,,,,,,,,,,,,,,,,,,,,
20160123,3043030 ,,,,,,,,,,,,,,,,,,,,,,,
20160124,2960110 ,,,,,,,,,,,,,,,,,,,,,,,
20160125,3182980 ,,,,,,,,,,,,,,,,,,,,,,,
20160126,3174640 ,,,,,,,,,,,,,,,,,,,,,,,
20160127,3154710 ,,,,,,,,,,,,,,,,,,,,,,,
20160128,3040970 ,,,,,,,,,,,,,,,,,,,,,,,
20160129,2905590 ,,,,,,,,,,,,,,,,,,,,,,,
20160130,3046540 ,,,,,,,,,,,,,,,,,,,,,,,
20160131,2968780 ,,,,,,,,,,,,,,,,,,,,,,,
20160201,3185990 ,,,,,,,,,,,,,,,,,,,,,,,
20160202,3212640 ,,,,,,,,,,,,,,,,,,,,,,,
20160203,3186850 ,,,,,,,,,,,,,,,,,,,,,,,
20160204,3105710 ,,,,,,,,,,,,,,,,,,,,,,,
20160205,2900440 ,,,,,,,,,,,,,,,,,,,,,,,
20160206,2960770 ,,,,,,,,,,,,,,,,,,,,,,,
20160207,2767720 ,,,,,,,,,,,,,,,,,,,,,,,
20160208,2669650 ,,,,,,,,,,,,,,,,,,,,,,,
20160209,2697540 ,,,,,,,,,,,,,,,,,,,,,,,
20160210,2762350 ,,,,,,,,,,,,,,,,,,,,,,,
20160211,2877340 ,,,,,,,,,,,,,,,,,,,,,,,
20160212,2875390 ,,,,,,,,,,,,,,,,,,,,,,,
20160213,3019240 ,,,,,,,,,,,,,,,,,,,,,,,
20160214,2934200 ,,,,,,,,,,,,,,,,,,,,,,,
20160215,3144940 ,,,,,,,,,,,,,,,,,,,,,,,
20160216,3119850 ,,,,,,,,,,,,,,,,,,,,,,,
20160217,3011350 ,,,,,,,,,,,,,,,,,,,,,,,
20160218,2820810 ,,,,,,,,,,,,,,,,,,,,,,,
20160219,2640910 ,,,,,,,,,,,,,,,,,,,,,,,
20160220,2437300 ,,,,,,,,,,,,,,,,,,,,,,,
20160221,2353660 ,,,,,,,,,,,,,,,,,,,,,,,
20160222,2628960 ,,,,,,,,,,,,,,,,,,,,,,,
20160223,2902990 ,,,,,,,,,,,,,,,,,,,,,,,
20160224,3066150 ,,,,,,,,,,,,,,,,,,,,,,,
20160225,2927130 ,,,,,,,,,,,,,,,,,,,,,,,
20160226,2825940 ,,,,,,,,,,,,,,,,,,,,,,,
20160227,2954850 ,,,,,,,,,,,,,,,,,,,,,,,
20160228,2792440 ,,,,,,,,,,,,,,,,,,,,,,,
20160229,2945190 ,,,,,,,,,,,,,,,,,,,,,,,
20160301,2862640 ,,,,,,,,,,,,,,,,,,,,,,,
20160302,2984550 ,,,,,,,,,,,,,,,,,,,,,,,
20160303,2850780 ,,,,,,,,,,,,,,,,,,,,,,,
20160304,2749980 ,,,,,,,,,,,,,,,,,,,,,,,
20160305,2849350 ,,,,,,,,,,,,,,,,,,,,,,,
20160306,2747630 ,,,,,,,,,,,,,,,,,,,,,,,
20160307,2976790 ,,,,,,,,,,,,,,,,,,,,,,,
20160308,2974510 ,,,,,,,,,,,,,,,,,,,,,,,
20160309,2978380 ,,,,,,,,,,,,,,,,,,,,,,,
20160310,2842970 ,,,,,,,,,,,,,,,,,,,,,,,
20160311,2715910 ,,,,,,,,,,,,,,,,,,,,,,,
20160312,2782180 ,,,,,,,,,,,,,,,,,,,,,,,
20160313,2570460 ,,,,,,,,,,,,,,,,,,,,,,,
20160314,2893130 ,,,,,,,,,,,,,,,,,,,,,,,
20160315,2905130 ,,,,,,,,,,,,,,,,,,,,,,,
20160316,2887390 ,,,,,,,,,,,,,,,,,,,,,,,
20160317,2771880 ,,,,,,,,,,,,,,,,,,,,,,,
20160318,2645490 ,,,,,,,,,,,,,,,,,,,,,,,
20160319,2726530 ,,,,,,,,,,,,,,,,,,,,,,,
20160320,2653310 ,,,,,,,,,,,,,,,,,,,,,,,
20160321,2843150 ,,,,,,,,,,,,,,,,,,,,,,,
20160322,2860860 ,,,,,,,,,,,,,,,,,,,,,,,
20160323,2854740 ,,,,,,,,,,,,,,,,,,,,,,,
20160324,2730180 ,,,,,,,,,,,,,,,,,,,,,,,
20160325,2593090 ,,,,,,,,,,,,,,,,,,,,,,,
20160326,2685760 ,,,,,,,,,,,,,,,,,,,,,,,
20160327,2583850 ,,,,,,,,,,,,,,,,,,,,,,,
20160328,2745340 ,,,,,,,,,,,,,,,,,,,,,,,
20160329,2789990 ,,,,,,,,,,,,,,,,,,,,,,,
20160330,2767300 ,,,,,,,,,,,,,,,,,,,,,,,
20160331,2622600 ,,,,,,,,,,,,,,,,,,,,,,,
20160401,2501230 ,,,,,,,,,,,,,,,,,,,,,,,
20160402,2605820 ,,,,,,,,,,,,,,,,,,,,,,,
20160403,2537350 ,,,,,,,,,,,,,,,,,,,,,,,
20160404,2706890 ,,,,,,,,,,,,,,,,,,,,,,,
20160405,2724840 ,,,,,,,,,,,,,,,,,,,,,,,
20160406,2707380 ,,,,,,,,,,,,,,,,,,,,,,,
20160407,2590730 ,,,,,,,,,,,,,,,,,,,,,,,
20160408,2456540 ,,,,,,,,,,,,,,,,,,,,,,,
20160409,2547470 ,,,,,,,,,,,,,,,,,,,,,,,
20160410,2482530 ,,,,,,,,,,,,,,,,,,,,,,,
20160411,2655670 ,,,,,,,,,,,,,,,,,,,,,,,
20160412,2670450 ,,,,,,,,,,,,,,,,,,,,,,,
20160413,2595980 ,,,,,,,,,,,,,,,,,,,,,,,
20160414,2521850 ,,,,,,,,,,,,,,,,,,,,,,,
20160415,2439200 ,,,,,,,,,,,,,,,,,,,,,,,
20160416,2540580 ,,,,,,,,,,,,,,,,,,,,,,,
20160417,2444160 ,,,,,,,,,,,,,,,,,,,,,,,
20160418,2608250 ,,,,,,,,,,,,,,,,,,,,,,,
20160419,2648020 ,,,,,,,,,,,,,,,,,,,,,,,
20160420,2645820 ,,,,,,,,,,,,,,,,,,,,,,,
20160421,2541090 ,,,,,,,,,,,,,,,,,,,,,,,
20160422,2414030 ,,,,,,,,,,,,,,,,,,,,,,,
20160423,2524460 ,,,,,,,,,,,,,,,,,,,,,,,
20160424,2404940 ,,,,,,,,,,,,,,,,,,,,,,,
20160425,2530250 ,,,,,,,,,,,,,,,,,,,,,,,
20160426,2578110 ,,,,,,,,,,,,,,,,,,,,,,,
20160427,2621420 ,,,,,,,,,,,,,,,,,,,,,,,
20160428,2525800 ,,,,,,,,,,,,,,,,,,,,,,,
20160429,2397400 ,,,,,,,,,,,,,,,,,,,,,,,
20160430,2461780 ,,,,,,,,,,,,,,,,,,,,,,,
20160501,2397810 ,,,,,,,,,,,,,,,,,,,,,,,
20160502,2565640 ,,,,,,,,,,,,,,,,,,,,,,,
20160503,2613710 ,,,,,,,,,,,,,,,,,,,,,,,
20160504,2612070 ,,,,,,,,,,,,,,,,,,,,,,,
20160505,2363940 ,,,,,,,,,,,,,,,,,,,,,,,
20160506,2275940 ,,,,,,,,,,,,,,,,,,,,,,,
20160507,2466060 ,,,,,,,,,,,,,,,,,,,,,,,
20160508,2373280 ,,,,,,,,,,,,,,,,,,,,,,,
20160509,2584580 ,,,,,,,,,,,,,,,,,,,,,,,
20160510,2605260 ,,,,,,,,,,,,,,,,,,,,,,,
20160511,2606170 ,,,,,,,,,,,,,,,,,,,,,,,
20160512,2477750 ,,,,,,,,,,,,,,,,,,,,,,,
20160513,2371490 ,,,,,,,,,,,,,,,,,,,,,,,
20160514,2404620 ,,,,,,,,,,,,,,,,,,,,,,,
20160515,2370070 ,,,,,,,,,,,,,,,,,,,,,,,
20160516,2555720 ,,,,,,,,,,,,,,,,,,,,,,,
20160517,2439910 ,,,,,,,,,,,,,,,,,,,,,,,
20160518,2517640 ,,,,,,,,,,,,,,,,,,,,,,,
20160519,2520350 ,,,,,,,,,,,,,,,,,,,,,,,
20160520,2412510 ,,,,,,,,,,,,,,,,,,,,,,,
20160521,2494980 ,,,,,,,,,,,,,,,,,,,,,,,
20160522,2383850 ,,,,,,,,,,,,,,,,,,,,,,,
20160523,2593890 ,,,,,,,,,,,,,,,,,,,,,,,
20160524,2618750 ,,,,,,,,,,,,,,,,,,,,,,,
20160525,2622280 ,,,,,,,,,,,,,,,,,,,,,,,
20160526,2474300 ,,,,,,,,,,,,,,,,,,,,,,,
20160527,2397400 ,,,,,,,,,,,,,,,,,,,,,,,
20160528,2488870 ,,,,,,,,,,,,,,,,,,,,,,,
20160529,2400850 ,,,,,,,,,,,,,,,,,,,,,,,
20160530,2595600 ,,,,,,,,,,,,,,,,,,,,,,,
20160531,2652870 ,,,,,,,,,,,,,,,,,,,,,,,
20160601,2665030 ,,,,,,,,,,,,,,,,,,,,,,,
20160602,2556480 ,,,,,,,,,,,,,,,,,,,,,,,
20160603,2410440 ,,,,,,,,,,,,,,,,,,,,,,,
20160604,2546460 ,,,,,,,,,,,,,,,,,,,,,,,
20160605,2438580 ,,,,,,,,,,,,,,,,,,,,,,,
20160606,2531170 ,,,,,,,,,,,,,,,,,,,,,,,
20160607,2621540 ,,,,,,,,,,,,,,,,,,,,,,,
20160608,2679200 ,,,,,,,,,,,,,,,,,,,,,,,
20160609,2567920 ,,,,,,,,,,,,,,,,,,,,,,,
20160610,2433650 ,,,,,,,,,,,,,,,,,,,,,,,
20160611,2515430 ,,,,,,,,,,,,,,,,,,,,,,,
20160612,2455560 ,,,,,,,,,,,,,,,,,,,,,,,
20160613,2631220 ,,,,,,,,,,,,,,,,,,,,,,,
20160614,2686190 ,,,,,,,,,,,,,,,,,,,,,,,
20160615,2688400 ,,,,,,,,,,,,,,,,,,,,,,,
20160616,2611480 ,,,,,,,,,,,,,,,,,,,,,,,
20160617,2461800 ,,,,,,,,,,,,,,,,,,,,,,,
20160618,2460650 ,,,,,,,,,,,,,,,,,,,,,,,
20160619,2437980 ,,,,,,,,,,,,,,,,,,,,,,,
20160620,2644400 ,,,,,,,,,,,,,,,,,,,,,,,
20160621,2696190 ,,,,,,,,,,,,,,,,,,,,,,,
20160622,2726890 ,,,,,,,,,,,,,,,,,,,,,,,
20160623,2624270 ,,,,,,,,,,,,,,,,,,,,,,,
20160624,2515880 ,,,,,,,,,,,,,,,,,,,,,,,
20160625,2584740 ,,,,,,,,,,,,,,,,,,,,,,,
20160626,2534420 ,,,,,,,,,,,,,,,,,,,,,,,
20160627,2719580 ,,,,,,,,,,,,,,,,,,,,,,,
20160628,2744740 ,,,,,,,,,,,,,,,,,,,,,,,
20160629,2733440 ,,,,,,,,,,,,,,,,,,,,,,,
20160630,2637900 ,,,,,,,,,,,,,,,,,,,,,,,
20160701,2532610 ,,,,,,,,,,,,,,,,,,,,,,,
20160702,2598600 ,,,,,,,,,,,,,,,,,,,,,,,
20160703,2539950 ,,,,,,,,,,,,,,,,,,,,,,,
20160704,2734930 ,,,,,,,,,,,,,,,,,,,,,,,
20160705,2791960 ,,,,,,,,,,,,,,,,,,,,,,,
20160706,2783770 ,,,,,,,,,,,,,,,,,,,,,,,
20160707,2688930 ,,,,,,,,,,,,,,,,,,,,,,,
20160708,2591220 ,,,,,,,,,,,,,,,,,,,,,,,
20160709,2641150 ,,,,,,,,,,,,,,,,,,,,,,,
20160710,2576990 ,,,,,,,,,,,,,,,,,,,,,,,
20160711,2754180 ,,,,,,,,,,,,,,,,,,,,,,,
20160712,2828140 ,,,,,,,,,,,,,,,,,,,,,,,
20160713,2861090 ,,,,,,,,,,,,,,,,,,,,,,,
20160714,2764460 ,,,,,,,,,,,,,,,,,,,,,,,
20160715,2621080 ,,,,,,,,,,,,,,,,,,,,,,,
20160716,2672910 ,,,,,,,,,,,,,,,,,,,,,,,
20160717,2630260 ,,,,,,,,,,,,,,,,,,,,,,,
20160718,2796180 ,,,,,,,,,,,,,,,,,,,,,,,
20160719,2853980 ,,,,,,,,,,,,,,,,,,,,,,,
20160720,2852020 ,,,,,,,,,,,,,,,,,,,,,,,
20160721,2718590 ,,,,,,,,,,,,,,,,,,,,,,,
20160722,2638730 ,,,,,,,,,,,,,,,,,,,,,,,
20160723,2684530 ,,,,,,,,,,,,,,,,,,,,,,,
20160724,2641270 ,,,,,,,,,,,,,,,,,,,,,,,
20160725,2882450 ,,,,,,,,,,,,,,,,,,,,,,,
20160726,2955880 ,,,,,,,,,,,,,,,,,,,,,,,
20160727,2952900 ,,,,,,,,,,,,,,,,,,,,,,,
20160728,2848870 ,,,,,,,,,,,,,,,,,,,,,,,
20160729,2747430 ,,,,,,,,,,,,,,,,,,,,,,,
20160730,2785000 ,,,,,,,,,,,,,,,,,,,,,,,
20160731,2719210 ,,,,,,,,,,,,,,,,,,,,,,,
20160801,2755560 ,,,,,,,,,,,,,,,,,,,,,,,
20160802,2816900 ,,,,,,,,,,,,,,,,,,,,,,,
20160803,2879530 ,,,,,,,,,,,,,,,,,,,,,,,
20160804,2745680 ,,,,,,,,,,,,,,,,,,,,,,,
20160805,2699640 ,,,,,,,,,,,,,,,,,,,,,,,
20160806,2805810 ,,,,,,,,,,,,,,,,,,,,,,,
20160807,2752020 ,,,,,,,,,,,,,,,,,,,,,,,
20160808,2947670 ,,,,,,,,,,,,,,,,,,,,,,,
20160809,3044920 ,,,,,,,,,,,,,,,,,,,,,,,
20160810,3070620 ,,,,,,,,,,,,,,,,,,,,,,,
20160811,2928180 ,,,,,,,,,,,,,,,,,,,,,,,
20160812,2845590 ,,,,,,,,,,,,,,,,,,,,,,,
20160813,2756340 ,,,,,,,,,,,,,,,,,,,,,,,
20160814,2698440 ,,,,,,,,,,,,,,,,,,,,,,,
20160815,2859550 ,,,,,,,,,,,,,,,,,,,,,,,
20160816,2979490 ,,,,,,,,,,,,,,,,,,,,,,,
20160817,3106150 ,,,,,,,,,,,,,,,,,,,,,,,
20160818,2970120 ,,,,,,,,,,,,,,,,,,,,,,,
20160819,2837530 ,,,,,,,,,,,,,,,,,,,,,,,
20160820,2899380 ,,,,,,,,,,,,,,,,,,,,,,,
20160821,2863060 ,,,,,,,,,,,,,,,,,,,,,,,
20160822,3084810 ,,,,,,,,,,,,,,,,,,,,,,,
20160823,3142180 ,,,,,,,,,,,,,,,,,,,,,,,
20160824,3159220 ,,,,,,,,,,,,,,,,,,,,,,,
20160825,3001390 ,,,,,,,,,,,,,,,,,,,,,,,
20160826,2876240 ,,,,,,,,,,,,,,,,,,,,,,,
20160827,2840020 ,,,,,,,,,,,,,,,,,,,,,,,
20160828,2857700 ,,,,,,,,,,,,,,,,,,,,,,,
20160829,3089360 ,,,,,,,,,,,,,,,,,,,,,,,
20160830,3025590 ,,,,,,,,,,,,,,,,,,,,,,,
20160831,2992190 ,,,,,,,,,,,,,,,,,,,,,,,
20160901,2826040 ,,,,,,,,,,,,,,,,,,,,,,,
20160902,2685750 ,,,,,,,,,,,,,,,,,,,,,,,
20160903,2837770 ,,,,,,,,,,,,,,,,,,,,,,,
20160904,2793360 ,,,,,,,,,,,,,,,,,,,,,,,
20160905,2956360 ,,,,,,,,,,,,,,,,,,,,,,,
20160906,2970530 ,,,,,,,,,,,,,,,,,,,,,,,
20160907,2974070 ,,,,,,,,,,,,,,,,,,,,,,,
20160908,2820870 ,,,,,,,,,,,,,,,,,,,,,,,
20160909,2728010 ,,,,,,,,,,,,,,,,,,,,,,,
20160910,2790380 ,,,,,,,,,,,,,,,,,,,,,,,
20160911,2619190 ,,,,,,,,,,,,,,,,,,,,,,,
20160912,2768260 ,,,,,,,,,,,,,,,,,,,,,,,
20160913,2725770 ,,,,,,,,,,,,,,,,,,,,,,,
20160914,2411430 ,,,,,,,,,,,,,,,,,,,,,,,
20160915,2257320 ,,,,,,,,,,,,,,,,,,,,,,,
20160916,2206450 ,,,,,,,,,,,,,,,,,,,,,,,
20160917,2453450 ,,,,,,,,,,,,,,,,,,,,,,,
20160918,2515800 ,,,,,,,,,,,,,,,,,,,,,,,
20160919,2769760 ,,,,,,,,,,,,,,,,,,,,,,,
20160920,2790700 ,,,,,,,,,,,,,,,,,,,,,,,
20160921,2768140 ,,,,,,,,,,,,,,,,,,,,,,,
20160922,2625660 ,,,,,,,,,,,,,,,,,,,,,,,
20160923,2489470 ,,,,,,,,,,,,,,,,,,,,,,,
20160924,2604320 ,,,,,,,,,,,,,,,,,,,,,,,
20160925,2507630 ,,,,,,,,,,,,,,,,,,,,,,,
20160926,2345440 ,,,,,,,,,,,,,,,,,,,,,,,
20160927,2319150 ,,,,,,,,,,,,,,,,,,,,,,,
20160928,2339500 ,,,,,,,,,,,,,,,,,,,,,,,
20160929,2413890 ,,,,,,,,,,,,,,,,,,,,,,,
20160930,2461140 ,,,,,,,,,,,,,,,,,,,,,,,
20161001,2598200 ,,,,,,,,,,,,,,,,,,,,,,,
20161002,2517400 ,,,,,,,,,,,,,,,,,,,,,,,
20161003,2535080 ,,,,,,,,,,,,,,,,,,,,,,,
20161004,2644470 ,,,,,,,,,,,,,,,,,,,,,,,
20161005,2617770 ,,,,,,,,,,,,,,,,,,,,,,,
20161006,2563260 ,,,,,,,,,,,,,,,,,,,,,,,
20161007,2484230 ,,,,,,,,,,,,,,,,,,,,,,,
20161008,2502360 ,,,,,,,,,,,,,,,,,,,,,,,
20161009,2502330 ,,,,,,,,,,,,,,,,,,,,,,,
20161010,2645350 ,,,,,,,,,,,,,,,,,,,,,,,
20161011,2675380 ,,,,,,,,,,,,,,,,,,,,,,,
20161012,2667010 ,,,,,,,,,,,,,,,,,,,,,,,
20161013,2557310 ,,,,,,,,,,,,,,,,,,,,,,,
20161014,2446360 ,,,,,,,,,,,,,,,,,,,,,,,
20161015,2396510 ,,,,,,,,,,,,,,,,,,,,,,,
20161016,2429260 ,,,,,,,,,,,,,,,,,,,,,,,
20161017,2586950 ,,,,,,,,,,,,,,,,,,,,,,,
20161018,2650140 ,,,,,,,,,,,,,,,,,,,,,,,
20161019,2656070 ,,,,,,,,,,,,,,,,,,,,,,,
20161020,2520110 ,,,,,,,,,,,,,,,,,,,,,,,
20161021,2443150 ,,,,,,,,,,,,,,,,,,,,,,,
20161022,2524110 ,,,,,,,,,,,,,,,,,,,,,,,
20161023,2460760 ,,,,,,,,,,,,,,,,,,,,,,,
20161024,2613170 ,,,,,,,,,,,,,,,,,,,,,,,
20161025,2645010 ,,,,,,,,,,,,,,,,,,,,,,,
20161026,2634850 ,,,,,,,,,,,,,,,,,,,,,,,
20161027,2529600 ,,,,,,,,,,,,,,,,,,,,,,,
20161028,2441420 ,,,,,,,,,,,,,,,,,,,,,,,
20161029,2511800 ,,,,,,,,,,,,,,,,,,,,,,,
20161030,2447440 ,,,,,,,,,,,,,,,,,,,,,,,
20161031,2611580 ,,,,,,,,,,,,,,,,,,,,,,,
20161101,2687630 ,,,,,,,,,,,,,,,,,,,,,,,
20161102,2705460 ,,,,,,,,,,,,,,,,,,,,,,,
20161103,2588740 ,,,,,,,,,,,,,,,,,,,,,,,
20161104,2523230 ,,,,,,,,,,,,,,,,,,,,,,,
20161105,2586380 ,,,,,,,,,,,,,,,,,,,,,,,
20161106,2506390 ,,,,,,,,,,,,,,,,,,,,,,,
20161107,2687690 ,,,,,,,,,,,,,,,,,,,,,,,
20161108,2748810 ,,,,,,,,,,,,,,,,,,,,,,,
20161109,2756850 ,,,,,,,,,,,,,,,,,,,,,,,
20161110,2630990 ,,,,,,,,,,,,,,,,,,,,,,,
20161111,2528900 ,,,,,,,,,,,,,,,,,,,,,,,
20161112,2591630 ,,,,,,,,,,,,,,,,,,,,,,,
20161113,2566390 ,,,,,,,,,,,,,,,,,,,,,,,
20161114,2750930 ,,,,,,,,,,,,,,,,,,,,,,,
20161115,2774690 ,,,,,,,,,,,,,,,,,,,,,,,
20161116,2801000 ,,,,,,,,,,,,,,,,,,,,,,,
20161117,2668570 ,,,,,,,,,,,,,,,,,,,,,,,
20161118,2565910 ,,,,,,,,,,,,,,,,,,,,,,,
20161119,2652900 ,,,,,,,,,,,,,,,,,,,,,,,
20161120,2609500 ,,,,,,,,,,,,,,,,,,,,,,,
20161121,2790840 ,,,,,,,,,,,,,,,,,,,,,,,
20161122,2843050 ,,,,,,,,,,,,,,,,,,,,,,,
20161123,2868420 ,,,,,,,,,,,,,,,,,,,,,,,
20161124,2767960 ,,,,,,,,,,,,,,,,,,,,,,,
20161125,2645520 ,,,,,,,,,,,,,,,,,,,,,,,
20161126,2738280 ,,,,,,,,,,,,,,,,,,,,,,,
20161127,2663840 ,,,,,,,,,,,,,,,,,,,,,,,
20161128,2861460 ,,,,,,,,,,,,,,,,,,,,,,,
20161129,2874160 ,,,,,,,,,,,,,,,,,,,,,,,
20161130,2886720 ,,,,,,,,,,,,,,,,,,,,,,,
20161201,2790150 ,,,,,,,,,,,,,,,,,,,,,,,
20161202,2670870 ,,,,,,,,,,,,,,,,,,,,,,,
20161203,2721700 ,,,,,,,,,,,,,,,,,,,,,,,
20161204,2689460 ,,,,,,,,,,,,,,,,,,,,,,,
20161205,2907650 ,,,,,,,,,,,,,,,,,,,,,,,
20161206,2983920 ,,,,,,,,,,,,,,,,,,,,,,,
20161207,2960070 ,,,,,,,,,,,,,,,,,,,,,,,
20161208,2869170 ,,,,,,,,,,,,,,,,,,,,,,,
20161209,2757580 ,,,,,,,,,,,,,,,,,,,,,,,
20161210,2872430 ,,,,,,,,,,,,,,,,,,,,,,,
20161211,2789950 ,,,,,,,,,,,,,,,,,,,,,,,
20161212,2991150 ,,,,,,,,,,,,,,,,,,,,,,,
20161213,3022680 ,,,,,,,,,,,,,,,,,,,,,,,
20161214,3042740 ,,,,,,,,,,,,,,,,,,,,,,,
20161215,2913180 ,,,,,,,,,,,,,,,,,,,,,,,
20161216,2798290 ,,,,,,,,,,,,,,,,,,,,,,,
20161217,2875930 ,,,,,,,,,,,,,,,,,,,,,,,
20161218,2823170 ,,,,,,,,,,,,,,,,,,,,,,,
20161219,2987940 ,,,,,,,,,,,,,,,,,,,,,,,
20161220,3028060 ,,,,,,,,,,,,,,,,,,,,,,,
20161221,3039860 ,,,,,,,,,,,,,,,,,,,,,,,
20161222,2924940 ,,,,,,,,,,,,,,,,,,,,,,,
20161223,2816410 ,,,,,,,,,,,,,,,,,,,,,,,
20161224,2856690 ,,,,,,,,,,,,,,,,,,,,,,,
20161225,2798550 ,,,,,,,,,,,,,,,,,,,,,,,
20161226,3003410 ,,,,,,,,,,,,,,,,,,,,,,,
20161227,3111560 ,,,,,,,,,,,,,,,,,,,,,,,
20161228,3114720 ,,,,,,,,,,,,,,,,,,,,,,,
20161229,2991930 ,,,,,,,,,,,,,,,,,,,,,,,
20161230,2855830 ,,,,,,,,,,,,,,,,,,,,,,,
20161231,2892210 ,,,,,,,,,,,,,,,,,,,,,,,
20170101,1225190,,,,,,,,,,,,,,,,,,,,,,,
20170102,1527730,,,,,,,,,,,,,,,,,,,,,,,
20170103,1570370,,,,,,,,,,,,,,,,,,,,,,,
20170104,1555010,,,,,,,,,,,,,,,,,,,,,,,
20170105,1535690,,,,,,,,,,,,,,,,,,,,,,,
20170106,1545870,,,,,,,,,,,,,,,,,,,,,,,
20170107,1421770,,,,,,,,,,,,,,,,,,,,,,,
20170108,1314080,,,,,,,,,,,,,,,,,,,,,,,
20170109,1523630,,,,,,,,,,,,,,,,,,,,,,,
20170110,1571650,,,,,,,,,,,,,,,,,,,,,,,
20170111,1570980,,,,,,,,,,,,,,,,,,,,,,,
20170112,1573030,,,,,,,,,,,,,,,,,,,,,,,
20170113,1605490,,,,,,,,,,,,,,,,,,,,,,,
20170114,1479280,,,,,,,,,,,,,,,,,,,,,,,
20170115,1368790,,,,,,,,,,,,,,,,,,,,,,,
20170116,1563450,,,,,,,,,,,,,,,,,,,,,,,
20170117,1609530,,,,,,,,,,,,,,,,,,,,,,,
20170118,1614820,,,,,,,,,,,,,,,,,,,,,,,
20170119,1643290,,,,,,,,,,,,,,,,,,,,,,,
20170120,1665740,,,,,,,,,,,,,,,,,,,,,,,
20170121,1522360,,,,,,,,,,,,,,,,,,,,,,,
20170122,1398920,,,,,,,,,,,,,,,,,,,,,,,
20170123,1623150,,,,,,,,,,,,,,,,,,,,,,,
20170124,1653270,,,,,,,,,,,,,,,,,,,,,,,
20170125,1660080,,,,,,,,,,,,,,,,,,,,,,,
20170126,1555310,,,,,,,,,,,,,,,,,,,,,,,
20170127,1274010,,,,,,,,,,,,,,,,,,,,,,,
20170128,1111340,,,,,,,,,,,,,,,,,,,,,,,
20170129,1132320,,,,,,,,,,,,,,,,,,,,,,,
20170130,1231840,,,,,,,,,,,,,,,,,,,,,,,
20170131,1548050,,,,,,,,,,,,,,,,,,,,,,,
20170201,1674000,,,,,,,,,,,,,,,,,,,,,,,
20170202,1662780,,,,,,,,,,,,,,,,,,,,,,,
20170203,1621320,,,,,,,,,,,,,,,,,,,,,,,
20170204,1479980,,,,,,,,,,,,,,,,,,,,,,,
20170205,1351420,,,,,,,,,,,,,,,,,,,,,,,
20170206,1594880,,,,,,,,,,,,,,,,,,,,,,,
20170207,1615080,,,,,,,,,,,,,,,,,,,,,,,
20170208,1605390,,,,,,,,,,,,,,,,,,,,,,,
20170209,1630840,,,,,,,,,,,,,,,,,,,,,,,
20170210,1642340,,,,,,,,,,,,,,,,,,,,,,,
20170211,1469560,,,,,,,,,,,,,,,,,,,,,,,
20170212,1344700,,,,,,,,,,,,,,,,,,,,,,,
20170213,1567510,,,,,,,,,,,,,,,,,,,,,,,
20170214,1618980,,,,,,,,,,,,,,,,,,,,,,,
20170215,1587520,,,,,,,,,,,,,,,,,,,,,,,
20170216,1574320,,,,,,,,,,,,,,,,,,,,,,,
20170217,1597970,,,,,,,,,,,,,,,,,,,,,,,
20170218,1446790,,,,,,,,,,,,,,,,,,,,,,,
20170219,1318100,,,,,,,,,,,,,,,,,,,,,,,
20170220,1549420,,,,,,,,,,,,,,,,,,,,,,,
20170221,1562230,,,,,,,,,,,,,,,,,,,,,,,
20170222,1583050,,,,,,,,,,,,,,,,,,,,,,,
20170223,1588350,,,,,,,,,,,,,,,,,,,,,,,
20170224,1587190,,,,,,,,,,,,,,,,,,,,,,,
20170225,1407590,,,,,,,,,,,,,,,,,,,,,,,
20170226,1296810,,,,,,,,,,,,,,,,,,,,,,,
20170227,1507240,,,,,,,,,,,,,,,,,,,,,,,
20170228,1542040,,,,,,,,,,,,,,,,,,,,,,,
20170301,1445770,,,,,,,,,,,,,,,,,,,,,,,
20170302,1533720,,,,,,,,,,,,,,,,,,,,,,,
20170303,1513900,,,,,,,,,,,,,,,,,,,,,,,
20170304,1385220,,,,,,,,,,,,,,,,,,,,,,,
20170305,1301400,,,,,,,,,,,,,,,,,,,,,,,
20170306,1492290,,,,,,,,,,,,,,,,,,,,,,,
20170307,1551620,,,,,,,,,,,,,,,,,,,,,,,
20170308,1537030,,,,,,,,,,,,,,,,,,,,,,,
20170309,1532990,,,,,,,,,,,,,,,,,,,,,,,
20170310,1536980,,,,,,,,,,,,,,,,,,,,,,,
20170311,1381880,,,,,,,,,,,,,,,,,,,,,,,
20170312,1289210,,,,,,,,,,,,,,,,,,,,,,,
20170313,1502490,,,,,,,,,,,,,,,,,,,,,,,
20170314,1525680,,,,,,,,,,,,,,,,,,,,,,,
20170315,1496810,,,,,,,,,,,,,,,,,,,,,,,
20170316,1479780,,,,,,,,,,,,,,,,,,,,,,,
20170317,1463600,,,,,,,,,,,,,,,,,,,,,,,
20170318,1326740,,,,,,,,,,,,,,,,,,,,,,,
20170319,1226190,,,,,,,,,,,,,,,,,,,,,,,
20170320,1423380,,,,,,,,,,,,,,,,,,,,,,,
20170321,1466260,,,,,,,,,,,,,,,,,,,,,,,
20170322,1461160,,,,,,,,,,,,,,,,,,,,,,,
20170323,1444340,,,,,,,,,,,,,,,,,,,,,,,
20170324,1451210,,,,,,,,,,,,,,,,,,,,,,,
20170325,1302610,,,,,,,,,,,,,,,,,,,,,,,
20170326,1212670,,,,,,,,,,,,,,,,,,,,,,,
20170327,1421830,,,,,,,,,,,,,,,,,,,,,,,
20170328,1435140,,,,,,,,,,,,,,,,,,,,,,,
20170329,1429160,,,,,,,,,,,,,,,,,,,,,,,
20170330,1430950,,,,,,,,,,,,,,,,,,,,,,,
20170331,1443070,,,,,,,,,,,,,,,,,,,,,,,
20170401,1306060,,,,,,,,,,,,,,,,,,,,,,,
20170402,1192590,,,,,,,,,,,,,,,,,,,,,,,
20170403,1396190,,,,,,,,,,,,,,,,,,,,,,,
20170404,1399800,,,,,,,,,,,,,,,,,,,,,,,
20170405,1414610,,,,,,,,,,,,,,,,,,,,,,,
20170406,1410260,,,,,,,,,,,,,,,,,,,,,,,
20170407,1377710,,,,,,,,,,,,,,,,,,,,,,,
20170408,1258710,,,,,,,,,,,,,,,,,,,,,,,
20170409,1160470,,,,,,,,,,,,,,,,,,,,,,,
20170410,1364640,,,,,,,,,,,,,,,,,,,,,,,
20170411,1400470,,,,,,,,,,,,,,,,,,,,,,,
20170412,1399380,,,,,,,,,,,,,,,,,,,,,,,
20170413,1370570,,,,,,,,,,,,,,,,,,,,,,,
20170414,1373200,,,,,,,,,,,,,,,,,,,,,,,
20170415,1229580,,,,,,,,,,,,,,,,,,,,,,,
20170416,1118250,,,,,,,,,,,,,,,,,,,,,,,
20170417,1337560,,,,,,,,,,,,,,,,,,,,,,,
20170418,1374500,,,,,,,,,,,,,,,,,,,,,,,
20170419,1384950,,,,,,,,,,,,,,,,,,,,,,,
20170420,1388180,,,,,,,,,,,,,,,,,,,,,,,
20170421,1357130,,,,,,,,,,,,,,,,,,,,,,,
20170422,1235070,,,,,,,,,,,,,,,,,,,,,,,
20170423,1114970,,,,,,,,,,,,,,,,,,,,,,,
20170424,1317720,,,,,,,,,,,,,,,,,,,,,,,
20170425,1356040,,,,,,,,,,,,,,,,,,,,,,,
20170426,1362360,,,,,,,,,,,,,,,,,,,,,,,
20170427,1361220,,,,,,,,,,,,,,,,,,,,,,,
20170428,1347390,,,,,,,,,,,,,,,,,,,,,,,
20170429,1214550,,,,,,,,,,,,,,,,,,,,,,,
20170430,1095370,,,,,,,,,,,,,,,,,,,,,,,
20170501,1135730,,,,,,,,,,,,,,,,,,,,,,,
20170502,1354380,,,,,,,,,,,,,,,,,,,,,,,
20170503,1207600,,,,,,,,,,,,,,,,,,,,,,,
20170504,1346310,,,,,,,,,,,,,,,,,,,,,,,
20170505,1191980,,,,,,,,,,,,,,,,,,,,,,,
20170506,1152500,,,,,,,,,,,,,,,,,,,,,,,
20170507,1097470,,,,,,,,,,,,,,,,,,,,,,,
20170508,1322950,,,,,,,,,,,,,,,,,,,,,,,
20170509,1281910,,,,,,,,,,,,,,,,,,,,,,,
20170510,1302680,,,,,,,,,,,,,,,,,,,,,,,
20170511,1346170,,,,,,,,,,,,,,,,,,,,,,,
20170512,1362880,,,,,,,,,,,,,,,,,,,,,,,
20170513,1279580,,,,,,,,,,,,,,,,,,,,,,,
20170514,1090330,,,,,,,,,,,,,,,,,,,,,,,
20170515,1335660,,,,,,,,,,,,,,,,,,,,,,,
20170516,1374580,,,,,,,,,,,,,,,,,,,,,,,
20170517,1365330,,,,,,,,,,,,,,,,,,,,,,,
20170518,1364360,,,,,,,,,,,,,,,,,,,,,,,
20170519,1391840,,,,,,,,,,,,,,,,,,,,,,,
20170520,1292810,,,,,,,,,,,,,,,,,,,,,,,
20170521,1131100,,,,,,,,,,,,,,,,,,,,,,,
20170522,1346620,,,,,,,,,,,,,,,,,,,,,,,
20170523,1376260,,,,,,,,,,,,,,,,,,,,,,,
20170524,1394860,,,,,,,,,,,,,,,,,,,,,,,
20170525,1381140,,,,,,,,,,,,,,,,,,,,,,,
20170526,1380260,,,,,,,,,,,,,,,,,,,,,,,
20170527,1246540,,,,,,,,,,,,,,,,,,,,,,,
20170528,1127910,,,,,,,,,,,,,,,,,,,,,,,
20170529,1336180,,,,,,,,,,,,,,,,,,,,,,,
20170530,1393770,,,,,,,,,,,,,,,,,,,,,,,
20170531,1411800,,,,,,,,,,,,,,,,,,,,,,,
20170601,1411130,,,,,,,,,,,,,,,,,,,,,,,
20170602,1358300,,,,,,,,,,,,,,,,,,,,,,,
20170603,1246810,,,,,,,,,,,,,,,,,,,,,,,
20170604,1116410,,,,,,,,,,,,,,,,,,,,,,,
20170605,1303210,,,,,,,,,,,,,,,,,,,,,,,
20170606,1309750,,,,,,,,,,,,,,,,,,,,,,,
20170607,1332070,,,,,,,,,,,,,,,,,,,,,,,
20170608,1368550,,,,,,,,,,,,,,,,,,,,,,,
20170609,1388090,,,,,,,,,,,,,,,,,,,,,,,
20170610,1276190,,,,,,,,,,,,,,,,,,,,,,,
20170611,1124610,,,,,,,,,,,,,,,,,,,,,,,
20170612,1317220,,,,,,,,,,,,,,,,,,,,,,,
20170613,1366700,,,,,,,,,,,,,,,,,,,,,,,
20170614,1373710,,,,,,,,,,,,,,,,,,,,,,,
20170615,1379790,,,,,,,,,,,,,,,,,,,,,,,
20170616,1396860,,,,,,,,,,,,,,,,,,,,,,,
20170617,1299560,,,,,,,,,,,,,,,,,,,,,,,
20170618,1159980,,,,,,,,,,,,,,,,,,,,,,,
20170619,1363900,,,,,,,,,,,,,,,,,,,,,,,
20170620,1418940,,,,,,,,,,,,,,,,,,,,,,,
20170621,1448810,,,,,,,,,,,,,,,,,,,,,,,
20170622,1447110,,,,,,,,,,,,,,,,,,,,,,,
20170623,1448130,,,,,,,,,,,,,,,,,,,,,,,
20170624,1335720,,,,,,,,,,,,,,,,,,,,,,,
20170625,1211760,,,,,,,,,,,,,,,,,,,,,,,
20170626,1406770,,,,,,,,,,,,,,,,,,,,,,,
20170627,1464350,,,,,,,,,,,,,,,,,,,,,,,
20170628,1463190,,,,,,,,,,,,,,,,,,,,,,,
20170629,1463660,,,,,,,,,,,,,,,,,,,,,,,
20170630,1470100,,,,,,,,,,,,,,,,,,,,,,,
20170701,1358160,,,,,,,,,,,,,,,,,,,,,,,
20170702,1247180,,,,,,,,,,,,,,,,,,,,,,,
20170703,1432460,,,,,,,,,,,,,,,,,,,,,,,
20170704,1487840,,,,,,,,,,,,,,,,,,,,,,,
20170705,1491770,,,,,,,,,,,,,,,,,,,,,,,
20170706,1519870,,,,,,,,,,,,,,,,,,,,,,,
20170707,1521760,,,,,,,,,,,,,,,,,,,,,,,
20170708,1389890,,,,,,,,,,,,,,,,,,,,,,,
20170709,1280460,,,,,,,,,,,,,,,,,,,,,,,
20170710,1484570,,,,,,,,,,,,,,,,,,,,,,,
20170711,1553690,,,,,,,,,,,,,,,,,,,,,,,
20170712,1557620,,,,,,,,,,,,,,,,,,,,,,,
20170713,1560060,,,,,,,,,,,,,,,,,,,,,,,
20170714,1584960,,,,,,,,,,,,,,,,,,,,,,,
20170715,1481330,,,,,,,,,,,,,,,,,,,,,,,
20170716,1337610,,,,,,,,,,,,,,,,,,,,,,,
20170717,1541970,,,,,,,,,,,,,,,,,,,,,,,
20170718,1605200,,,,,,,,,,,,,,,,,,,,,,,
20170719,1604920,,,,,,,,,,,,,,,,,,,,,,,
20170720,1597570,,,,,,,,,,,,,,,,,,,,,,,
20170721,1622390,,,,,,,,,,,,,,,,,,,,,,,
20170722,1515940,,,,,,,,,,,,,,,,,,,,,,,
20170723,1372530,,,,,,,,,,,,,,,,,,,,,,,
20170724,1585860,,,,,,,,,,,,,,,,,,,,,,,
20170725,1656210,,,,,,,,,,,,,,,,,,,,,,,
20170726,1622620,,,,,,,,,,,,,,,,,,,,,,,
20170727,1610630,,,,,,,,,,,,,,,,,,,,,,,
20170728,1600490,,,,,,,,,,,,,,,,,,,,,,,
20170729,1390340,,,,,,,,,,,,,,,,,,,,,,,
20170730,1280260,,,,,,,,,,,,,,,,,,,,,,,
20170731,1371900,,,,,,,,,,,,,,,,,,,,,,,
20170801,1416730,,,,,,,,,,,,,,,,,,,,,,,
20170802,1438800,,,,,,,,,,,,,,,,,,,,,,,
20170803,1502120,,,,,,,,,,,,,,,,,,,,,,,
20170804,1518060,,,,,,,,,,,,,,,,,,,,,,,
20170805,1405570,,,,,,,,,,,,,,,,,,,,,,,
20170806,1333830,,,,,,,,,,,,,,,,,,,,,,,
20170807,1543590,,,,,,,,,,,,,,,,,,,,,,,
20170808,1569790,,,,,,,,,,,,,,,,,,,,,,,
20170809,1589910,,,,,,,,,,,,,,,,,,,,,,,
20170810,1613580,,,,,,,,,,,,,,,,,,,,,,,
20170811,1594410,,,,,,,,,,,,,,,,,,,,,,,
20170812,1432010,,,,,,,,,,,,,,,,,,,,,,,
20170813,1332540,,,,,,,,,,,,,,,,,,,,,,,
20170814,1514160,,,,,,,,,,,,,,,,,,,,,,,
20170815,1433330,,,,,,,,,,,,,,,,,,,,,,,
20170816,1535700,,,,,,,,,,,,,,,,,,,,,,,
20170817,1560450,,,,,,,,,,,,,,,,,,,,,,,
20170818,1548930,,,,,,,,,,,,,,,,,,,,,,,
20170819,1408830,,,,,,,,,,,,,,,,,,,,,,,
20170820,1307880,,,,,,,,,,,,,,,,,,,,,,,
20170821,1500060,,,,,,,,,,,,,,,,,,,,,,,
20170822,1532130,,,,,,,,,,,,,,,,,,,,,,,
20170823,1550720,,,,,,,,,,,,,,,,,,,,,,,
20170824,1586190,,,,,,,,,,,,,,,,,,,,,,,
20170825,1569420,,,,,,,,,,,,,,,,,,,,,,,
20170826,1391280,,,,,,,,,,,,,,,,,,,,,,,
20170827,1286330,,,,,,,,,,,,,,,,,,,,,,,
20170828,1517050,,,,,,,,,,,,,,,,,,,,,,,
20170829,1536460,,,,,,,,,,,,,,,,,,,,,,,
20170830,1498490,,,,,,,,,,,,,,,,,,,,,,,
20170831,1445980,,,,,,,,,,,,,,,,,,,,,,,
20170901,1416430,,,,,,,,,,,,,,,,,,,,,,,
20170902,1304940,,,,,,,,,,,,,,,,,,,,,,,
20170903,1199290,,,,,,,,,,,,,,,,,,,,,,,
20170904,1388750,,,,,,,,,,,,,,,,,,,,,,,
20170905,1442980,,,,,,,,,,,,,,,,,,,,,,,
20170906,1444540,,,,,,,,,,,,,,,,,,,,,,,
20170907,1425790,,,,,,,,,,,,,,,,,,,,,,,
20170908,1436090,,,,,,,,,,,,,,,,,,,,,,,
20170909,1310150,,,,,,,,,,,,,,,,,,,,,,,
20170910,1197120,,,,,,,,,,,,,,,,,,,,,,,
20170911,1410250,,,,,,,,,,,,,,,,,,,,,,,
20170912,1443280,,,,,,,,,,,,,,,,,,,,,,,
20170913,1405970,,,,,,,,,,,,,,,,,,,,,,,
20170914,1394180,,,,,,,,,,,,,,,,,,,,,,,
20170915,1413610,,,,,,,,,,,,,,,,,,,,,,,
20170916,1302370,,,,,,,,,,,,,,,,,,,,,,,
20170917,1210080,,,,,,,,,,,,,,,,,,,,,,,
20170918,1397020,,,,,,,,,,,,,,,,,,,,,,,
20170919,1416230,,,,,,,,,,,,,,,,,,,,,,,
20170920,1408380,,,,,,,,,,,,,,,,,,,,,,,
20170921,1378760,,,,,,,,,,,,,,,,,,,,,,,
20170922,1409050,,,,,,,,,,,,,,,,,,,,,,,
20170923,1288930,,,,,,,,,,,,,,,,,,,,,,,
20170924,1183890,,,,,,,,,,,,,,,,,,,,,,,
20170925,1383530,,,,,,,,,,,,,,,,,,,,,,,
20170926,1451580,,,,,,,,,,,,,,,,,,,,,,,
20170927,1422190,,,,,,,,,,,,,,,,,,,,,,,
20170928,1391320,,,,,,,,,,,,,,,,,,,,,,,
20170929,1361080,,,,,,,,,,,,,,,,,,,,,,,
20170930,1239960,,,,,,,,,,,,,,,,,,,,,,,
20171001,1134370,,,,,,,,,,,,,,,,,,,,,,,
20171002,1182970,,,,,,,,,,,,,,,,,,,,,,,
20171003,1029250,,,,,,,,,,,,,,,,,,,,,,,
20171004,954360,,,,,,,,,,,,,,,,,,,,,,,
20171005,980070,,,,,,,,,,,,,,,,,,,,,,,
20171006,1046380,,,,,,,,,,,,,,,,,,,,,,,
20171007,1100050,,,,,,,,,,,,,,,,,,,,,,,
20171008,1132970,,,,,,,,,,,,,,,,,,,,,,,
20171009,1189730,,,,,,,,,,,,,,,,,,,,,,,
20171010,1342620,,,,,,,,,,,,,,,,,,,,,,,
20171011,1337630,,,,,,,,,,,,,,,,,,,,,,,
20171012,1433880,,,,,,,,,,,,,,,,,,,,,,,
20171013,1393410,,,,,,,,,,,,,,,,,,,,,,,
20171014,1263580,,,,,,,,,,,,,,,,,,,,,,,
20171015,1151890,,,,,,,,,,,,,,,,,,,,,,,
20171016,1328250,,,,,,,,,,,,,,,,,,,,,,,
20171017,1388330,,,,,,,,,,,,,,,,,,,,,,,
20171018,1393610,,,,,,,,,,,,,,,,,,,,,,,
20171019,1394020,,,,,,,,,,,,,,,,,,,,,,,
20171020,1407330,,,,,,,,,,,,,,,,,,,,,,,
20171021,1289790,,,,,,,,,,,,,,,,,,,,,,,
20171022,1183430,,,,,,,,,,,,,,,,,,,,,,,
20171023,1379370,,,,,,,,,,,,,,,,,,,,,,,
20171024,1398600,,,,,,,,,,,,,,,,,,,,,,,
20171025,1400160,,,,,,,,,,,,,,,,,,,,,,,
20171026,1396040,,,,,,,,,,,,,,,,,,,,,,,
20171027,1396240,,,,,,,,,,,,,,,,,,,,,,,
20171028,1277750,,,,,,,,,,,,,,,,,,,,,,,
20171029,1169320,,,,,,,,,,,,,,,,,,,,,,,
20171030,1364240,,,,,,,,,,,,,,,,,,,,,,,
20171031,1392580,,,,,,,,,,,,,,,,,,,,,,,
20171101,1401900,,,,,,,,,,,,,,,,,,,,,,,
20171102,1387780,,,,,,,,,,,,,,,,,,,,,,,
20171103,1398190,,,,,,,,,,,,,,,,,,,,,,,
20171104,1292740,,,,,,,,,,,,,,,,,,,,,,,
20171105,1171960,,,,,,,,,,,,,,,,,,,,,,,
20171106,1350220,,,,,,,,,,,,,,,,,,,,,,,
20171107,1406280,,,,,,,,,,,,,,,,,,,,,,,
20171108,1420800,,,,,,,,,,,,,,,,,,,,,,,
20171109,1438360,,,,,,,,,,,,,,,,,,,,,,,
20171110,1417960,,,,,,,,,,,,,,,,,,,,,,,
20171111,1312710,,,,,,,,,,,,,,,,,,,,,,,
20171112,1189010,,,,,,,,,,,,,,,,,,,,,,,
20171113,1376110,,,,,,,,,,,,,,,,,,,,,,,
20171114,1448090,,,,,,,,,,,,,,,,,,,,,,,
20171115,1500830,,,,,,,,,,,,,,,,,,,,,,,
20171116,1507160,,,,,,,,,,,,,,,,,,,,,,,
20171117,1493920,,,,,,,,,,,,,,,,,,,,,,,
20171118,1400240,,,,,,,,,,,,,,,,,,,,,,,
20171119,1270720,,,,,,,,,,,,,,,,,,,,,,,
20171120,1479370,,,,,,,,,,,,,,,,,,,,,,,
20171121,1529190,,,,,,,,,,,,,,,,,,,,,,,
20171122,1541980,,,,,,,,,,,,,,,,,,,,,,,
20171123,1595190,,,,,,,,,,,,,,,,,,,,,,,
20171124,1589330,,,,,,,,,,,,,,,,,,,,,,,
20171125,1459190,,,,,,,,,,,,,,,,,,,,,,,
20171126,1325560,,,,,,,,,,,,,,,,,,,,,,,
20171127,1553410,,,,,,,,,,,,,,,,,,,,,,,
20171128,1561560,,,,,,,,,,,,,,,,,,,,,,,
20171129,1583050,,,,,,,,,,,,,,,,,,,,,,,
20171130,1613630,,,,,,,,,,,,,,,,,,,,,,,
20171201,1577390,,,,,,,,,,,,,,,,,,,,,,,
20171202,1431830,,,,,,,,,,,,,,,,,,,,,,,
20171203,1302910,,,,,,,,,,,,,,,,,,,,,,,
20171204,1539970,,,,,,,,,,,,,,,,,,,,,,,
20171205,1607670,,,,,,,,,,,,,,,,,,,,,,,
20171206,1598920,,,,,,,,,,,,,,,,,,,,,,,
20171207,1606870,,,,,,,,,,,,,,,,,,,,,,,
20171208,1651880,,,,,,,,,,,,,,,,,,,,,,,
20171209,1499600,,,,,,,,,,,,,,,,,,,,,,,
20171210,1374890,,,,,,,,,,,,,,,,,,,,,,,
20171211,1631430,,,,,,,,,,,,,,,,,,,,,,,
20171212,1682820,,,,,,,,,,,,,,,,,,,,,,,
20171213,1688640,,,,,,,,,,,,,,,,,,,,,,,
20171214,1680890,,,,,,,,,,,,,,,,,,,,,,,
20171215,1714080,,,,,,,,,,,,,,,,,,,,,,,
20171216,1598410,,,,,,,,,,,,,,,,,,,,,,,
20171217,1474690,,,,,,,,,,,,,,,,,,,,,,,
20171218,1699430,,,,,,,,,,,,,,,,,,,,,,,
20171219,1741070,,,,,,,,,,,,,,,,,,,,,,,
20171220,1725400,,,,,,,,,,,,,,,,,,,,,,,
20171221,1698900,,,,,,,,,,,,,,,,,,,,,,,
20171222,1696880,,,,,,,,,,,,,,,,,,,,,,,
20171223,1551230,,,,,,,,,,,,,,,,,,,,,,,
20171224,1435690,,,,,,,,,,,,,,,,,,,,,,,
20171225,1434110,,,,,,,,,,,,,,,,,,,,,,,
20171226,1708270,,,,,,,,,,,,,,,,,,,,,,,
20171227,1736050,,,,,,,,,,,,,,,,,,,,,,,
20171228,1684370,,,,,,,,,,,,,,,,,,,,,,,
20171229,1681730,,,,,,,,,,,,,,,,,,,,,,,
20171230,1548400,,,,,,,,,,,,,,,,,,,,,,,
20171231,1347050,,,,,,,,,,,,,,,,,,,,,,,
20180101,1340740,,,,,,,,,,,,,,,,,,,,,,,
20180102,1714920,,,,,,,,,,,,,,,,,,,,,,,
20180103,1682570,,,,,,,,,,,,,,,,,,,,,,,
20180104,1682700,,,,,,,,,,,,,,,,,,,,,,,
20180105,1676910,,,,,,,,,,,,,,,,,,,,,,,
20180106,1554390,,,,,,,,,,,,,,,,,,,,,,,
20180107,1426410,,,,,,,,,,,,,,,,,,,,,,,
20180108,1652020,,,,,,,,,,,,,,,,,,,,,,,
20180109,1694610,,,,,,,,,,,,,,,,,,,,,,,
20180110,1723620,,,,,,,,,,,,,,,,,,,,,,,
20180111,1754140,,,,,,,,,,,,,,,,,,,,,,,
20180112,1728320,,,,,,,,,,,,,,,,,,,,,,,
20180113,1580300,,,,,,,,,,,,,,,,,,,,,,,
20180114,1450100,,,,,,,,,,,,,,,,,,,,,,,
20180115,1635190,,,,,,,,,,,,,,,,,,,,,,,
20180116,1715750,,,,,,,,,,,,,,,,,,,,,,,
20180117,1680060,,,,,,,,,,,,,,,,,,,,,,,
20180118,1671820,,,,,,,,,,,,,,,,,,,,,,,
20180119,1648080,,,,,,,,,,,,,,,,,,,,,,,
20180120,1453540,,,,,,,,,,,,,,,,,,,,,,,
20180121,1344370,,,,,,,,,,,,,,,,,,,,,,,
20180122,1583630,,,,,,,,,,,,,,,,,,,,,,,
20180123,1687580,,,,,,,,,,,,,,,,,,,,,,,
20180124,1725080,,,,,,,,,,,,,,,,,,,,,,,
20180125,1747220,,,,,,,,,,,,,,,,,,,,,,,
20180126,1776500,,,,,,,,,,,,,,,,,,,,,,,
20180127,1596980,,,,,,,,,,,,,,,,,,,,,,,
20180128,1474560,,,,,,,,,,,,,,,,,,,,,,,
20180129,1714430,,,,,,,,,,,,,,,,,,,,,,,
20180130,1767320,,,,,,,,,,,,,,,,,,,,,,,
20180131,1737580,,,,,,,,,,,,,,,,,,,,,,,
20180201,1747740,,,,,,,,,,,,,,,,,,,,,,,
20180202,1731470,,,,,,,,,,,,,,,,,,,,,,,
20180203,1562470,,,,,,,,,,,,,,,,,,,,,,,
20180204,1477930,,,,,,,,,,,,,,,,,,,,,,,
20180205,1711500,,,,,,,,,,,,,,,,,,,,,,,
20180206,1760170,,,,,,,,,,,,,,,,,,,,,,,
20180207,1752730,,,,,,,,,,,,,,,,,,,,,,,
20180208,1760930,,,,,,,,,,,,,,,,,,,,,,,
20180209,1758490,,,,,,,,,,,,,,,,,,,,,,,
20180210,1620440,,,,,,,,,,,,,,,,,,,,,,,
20180211,1513110,,,,,,,,,,,,,,,,,,,,,,,
20180212,1755020,,,,,,,,,,,,,,,,,,,,,,,
20180213,1738360,,,,,,,,,,,,,,,,,,,,,,,
20180214,1600510,,,,,,,,,,,,,,,,,,,,,,,
20180215,1290380,,,,,,,,,,,,,,,,,,,,,,,
20180216,1161210,,,,,,,,,,,,,,,,,,,,,,,
20180217,1186710,,,,,,,,,,,,,,,,,,,,,,,
20180218,1283510,,,,,,,,,,,,,,,,,,,,,,,
20180219,1585410,,,,,,,,,,,,,,,,,,,,,,,
20180220,1705850,,,,,,,,,,,,,,,,,,,,,,,
20180221,1725980,,,,,,,,,,,,,,,,,,,,,,,
20180222,1654410,,,,,,,,,,,,,,,,,,,,,,,
20180223,1621320,,,,,,,,,,,,,,,,,,,,,,,
20180224,1475490,,,,,,,,,,,,,,,,,,,,,,,
20180225,1346970,,,,,,,,,,,,,,,,,,,,,,,
20180226,1566140,,,,,,,,,,,,,,,,,,,,,,,
20180227,1606030,,,,,,,,,,,,,,,,,,,,,,,
20180228,1602640,,,,,,,,,,,,,,,,,,,,,,,
20180301,1436250,,,,,,,,,,,,,,,,,,,,,,,
20180302,1586850,,,,,,,,,,,,,,,,,,,,,,,
20180303,1416040,,,,,,,,,,,,,,,,,,,,,,,
20180304,1282170,,,,,,,,,,,,,,,,,,,,,,,
20180305,1542010,,,,,,,,,,,,,,,,,,,,,,,
20180306,1591440,,,,,,,,,,,,,,,,,,,,,,,
20180307,1601140,,,,,,,,,,,,,,,,,,,,,,,
20180308,1586320,,,,,,,,,,,,,,,,,,,,,,,
20180309,1570030,,,,,,,,,,,,,,,,,,,,,,,
20180310,1405860,,,,,,,,,,,,,,,,,,,,,,,
20180311,1290500,,,,,,,,,,,,,,,,,,,,,,,
20180312,1503640,,,,,,,,,,,,,,,,,,,,,,,
20180313,1530220,,,,,,,,,,,,,,,,,,,,,,,
20180314,1498840,,,,,,,,,,,,,,,,,,,,,,,
20180315,1500200,,,,,,,,,,,,,,,,,,,,,,,
20180316,1489960,,,,,,,,,,,,,,,,,,,,,,,
20180317,1313180,,,,,,,,,,,,,,,,,,,,,,,
20180318,1223530,,,,,,,,,,,,,,,,,,,,,,,
20180319,1411790,,,,,,,,,,,,,,,,,,,,,,,
20180320,1501620,,,,,,,,,,,,,,,,,,,,,,,
20180321,1528520,,,,,,,,,,,,,,,,,,,,,,,
20180322,1504540,,,,,,,,,,,,,,,,,,,,,,,
20180323,1528430,,,,,,,,,,,,,,,,,,,,,,,
20180324,1367960,,,,,,,,,,,,,,,,,,,,,,,
20180325,1247070,,,,,,,,,,,,,,,,,,,,,,,
20180326,1464800,,,,,,,,,,,,,,,,,,,,,,,
20180327,1479530,,,,,,,,,,,,,,,,,,,,,,,
20180328,1455710,,,,,,,,,,,,,,,,,,,,,,,
20180329,1443860,,,,,,,,,,,,,,,,,,,,,,,
20180330,1424610,,,,,,,,,,,,,,,,,,,,,,,
20180331,1265080,,,,,,,,,,,,,,,,,,,,,,,
20180401,1182540,,,,,,,,,,,,,,,,,,,,,,,
20180402,1352390,,,,,,,,,,,,,,,,,,,,,,,
20180403,1403760,,,,,,,,,,,,,,,,,,,,,,,
20180404,1446410,,,,,,,,,,,,,,,,,,,,,,,
20180405,1458810,,,,,,,,,,,,,,,,,,,,,,,
20180406,1443240,,,,,,,,,,,,,,,,,,,,,,,
20180407,1289340,,,,,,,,,,,,,,,,,,,,,,,
20180408,1176390,,,,,,,,,,,,,,,,,,,,,,,
20180409,1399120,,,,,,,,,,,,,,,,,,,,,,,
20180410,1413180,,,,,,,,,,,,,,,,,,,,,,,
20180411,1410340,,,,,,,,,,,,,,,,,,,,,,,
20180412,1414650,,,,,,,,,,,,,,,,,,,,,,,
20180413,1415000,,,,,,,,,,,,,,,,,,,,,,,
20180414,1283720,,,,,,,,,,,,,,,,,,,,,,,
20180415,1176580,,,,,,,,,,,,,,,,,,,,,,,
20180416,1367740,,,,,,,,,,,,,,,,,,,,,,,
20180417,1408710,,,,,,,,,,,,,,,,,,,,,,,
20180418,1402190,,,,,,,,,,,,,,,,,,,,,,,
20180419,1400930,,,,,,,,,,,,,,,,,,,,,,,
20180420,1383030,,,,,,,,,,,,,,,,,,,,,,,
20180421,1253850,,,,,,,,,,,,,,,,,,,,,,,
20180422,1159170,,,,,,,,,,,,,,,,,,,,,,,
20180423,1387030,,,,,,,,,,,,,,,,,,,,,,,
20180424,1440370,,,,,,,,,,,,,,,,,,,,,,,
20180425,1421640,,,,,,,,,,,,,,,,,,,,,,,
20180426,1426270,,,,,,,,,,,,,,,,,,,,,,,
20180427,1407740,,,,,,,,,,,,,,,,,,,,,,,
20180428,1252340,,,,,,,,,,,,,,,,,,,,,,,
20180429,1142940,,,,,,,,,,,,,,,,,,,,,,,
20180430,1284010,,,,,,,,,,,,,,,,,,,,,,,
20180501,1263690,,,,,,,,,,,,,,,,,,,,,,,
20180502,1387680,,,,,,,,,,,,,,,,,,,,,,,
20180503,1386600,,,,,,,,,,,,,,,,,,,,,,,
20180504,1411500,,,,,,,,,,,,,,,,,,,,,,,
20180505,1245360,,,,,,,,,,,,,,,,,,,,,,,
20180506,1133690,,,,,,,,,,,,,,,,,,,,,,,
20180507,1233780,,,,,,,,,,,,,,,,,,,,,,,
20180508,1367210,,,,,,,,,,,,,,,,,,,,,,,
20180509,1388210,,,,,,,,,,,,,,,,,,,,,,,
20180510,1394360,,,,,,,,,,,,,,,,,,,,,,,
20180511,1390920,,,,,,,,,,,,,,,,,,,,,,,
20180512,1290350,,,,,,,,,,,,,,,,,,,,,,,
20180513,1175790,,,,,,,,,,,,,,,,,,,,,,,
20180514,1410450,,,,,,,,,,,,,,,,,,,,,,,
20180515,1438770,,,,,,,,,,,,,,,,,,,,,,,
20180516,1492990,,,,,,,,,,,,,,,,,,,,,,,
20180517,1472200,,,,,,,,,,,,,,,,,,,,,,,
20180518,1444020,,,,,,,,,,,,,,,,,,,,,,,
20180519,1227770,,,,,,,,,,,,,,,,,,,,,,,
20180520,1133060,,,,,,,,,,,,,,,,,,,,,,,
20180521,1282090,,,,,,,,,,,,,,,,,,,,,,,
20180522,1300810,,,,,,,,,,,,,,,,,,,,,,,
20180523,1419280,,,,,,,,,,,,,,,,,,,,,,,
20180524,1459380,,,,,,,,,,,,,,,,,,,,,,,
20180525,1414370,,,,,,,,,,,,,,,,,,,,,,,
20180526,1302610,,,,,,,,,,,,,,,,,,,,,,,
20180527,1183160,,,,,,,,,,,,,,,,,,,,,,,
20180528,1412590,,,,,,,,,,,,,,,,,,,,,,,
20180529,1434630,,,,,,,,,,,,,,,,,,,,,,,
20180530,1439620,,,,,,,,,,,,,,,,,,,,,,,
20180531,1408110,,,,,,,,,,,,,,,,,,,,,,,
20180601,1441780,,,,,,,,,,,,,,,,,,,,,,,
20180602,1314300,,,,,,,,,,,,,,,,,,,,,,,
20180603,1186890,,,,,,,,,,,,,,,,,,,,,,,
20180604,1403470,,,,,,,,,,,,,,,,,,,,,,,
20180605,1452220,,,,,,,,,,,,,,,,,,,,,,,
20180606,1331030,,,,,,,,,,,,,,,,,,,,,,,
20180607,1409530,,,,,,,,,,,,,,,,,,,,,,,
20180608,1447130,,,,,,,,,,,,,,,,,,,,,,,
20180609,1340440,,,,,,,,,,,,,,,,,,,,,,,
20180610,1195550,,,,,,,,,,,,,,,,,,,,,,,
20180611,1403550,,,,,,,,,,,,,,,,,,,,,,,
20180612,1421160,,,,,,,,,,,,,,,,,,,,,,,
20180613,1360950,,,,,,,,,,,,,,,,,,,,,,,
20180614,1413000,,,,,,,,,,,,,,,,,,,,,,,
20180615,1422140,,,,,,,,,,,,,,,,,,,,,,,
20180616,1267060,,,,,,,,,,,,,,,,,,,,,,,
20180617,1175660,,,,,,,,,,,,,,,,,,,,,,,
20180618,1390100,,,,,,,,,,,,,,,,,,,,,,,
20180619,1435130,,,,,,,,,,,,,,,,,,,,,,,
20180620,1450180,,,,,,,,,,,,,,,,,,,,,,,
20180621,1449610,,,,,,,,,,,,,,,,,,,,,,,
20180622,1452550,,,,,,,,,,,,,,,,,,,,,,,
20180623,1343310,,,,,,,,,,,,,,,,,,,,,,,
20180624,1213920,,,,,,,,,,,,,,,,,,,,,,,
20180625,1436920,,,,,,,,,,,,,,,,,,,,,,,
20180626,1492900,,,,,,,,,,,,,,,,,,,,,,,
20180627,1511340,,,,,,,,,,,,,,,,,,,,,,,
20180628,1530150,,,,,,,,,,,,,,,,,,,,,,,
20180629,1533610,,,,,,,,,,,,,,,,,,,,,,,
20180630,1391840,,,,,,,,,,,,,,,,,,,,,,,
20180701,1251820,,,,,,,,,,,,,,,,,,,,,,,
20180702,1481250,,,,,,,,,,,,,,,,,,,,,,,
20180703,1533780,,,,,,,,,,,,,,,,,,,,,,,
20180704,1535210,,,,,,,,,,,,,,,,,,,,,,,
20180705,1522640,,,,,,,,,,,,,,,,,,,,,,,
20180706,1491120,,,,,,,,,,,,,,,,,,,,,,,
20180707,1334780,,,,,,,,,,,,,,,,,,,,,,,
20180708,1223170,,,,,,,,,,,,,,,,,,,,,,,
20180709,1443050,,,,,,,,,,,,,,,,,,,,,,,
20180710,1515240,,,,,,,,,,,,,,,,,,,,,,,
20180711,1519140,,,,,,,,,,,,,,,,,,,,,,,
20180712,1537450,,,,,,,,,,,,,,,,,,,,,,,
20180713,1568360,,,,,,,,,,,,,,,,,,,,,,,
20180714,1414890,,,,,,,,,,,,,,,,,,,,,,,
20180715,1278440,,,,,,,,,,,,,,,,,,,,,,,
20180716,1539070,,,,,,,,,,,,,,,,,,,,,,,
20180717,1602120,,,,,,,,,,,,,,,,,,,,,,,
20180718,1641460,,,,,,,,,,,,,,,,,,,,,,,
20180719,1665100,,,,,,,,,,,,,,,,,,,,,,,
20180720,1693720,,,,,,,,,,,,,,,,,,,,,,,
20180721,1541610,,,,,,,,,,,,,,,,,,,,,,,
20180722,1392900,,,,,,,,,,,,,,,,,,,,,,,
20180723,1650200,,,,,,,,,,,,,,,,,,,,,,,
20180724,1726790,,,,,,,,,,,,,,,,,,,,,,,
20180725,1720510,,,,,,,,,,,,,,,,,,,,,,,
20180726,1775370,,,,,,,,,,,,,,,,,,,,,,,
20180727,1771590,,,,,,,,,,,,,,,,,,,,,,,
20180728,1574510,,,,,,,,,,,,,,,,,,,,,,,
20180729,1437880,,,,,,,,,,,,,,,,,,,,,,,
20180730,1598780,,,,,,,,,,,,,,,,,,,,,,,
20180731,1664780,,,,,,,,,,,,,,,,,,,,,,,
20180801,1648050,,,,,,,,,,,,,,,,,,,,,,,
20180802,1641960,,,,,,,,,,,,,,,,,,,,,,,
20180803,1657170,,,,,,,,,,,,,,,,,,,,,,,
20180804,1564220,,,,,,,,,,,,,,,,,,,,,,,
20180805,1474540,,,,,,,,,,,,,,,,,,,,,,,
20180806,1706070,,,,,,,,,,,,,,,,,,,,,,,
20180807,1779970,,,,,,,,,,,,,,,,,,,,,,,
20180808,1757470,,,,,,,,,,,,,,,,,,,,,,,
20180809,1744000,,,,,,,,,,,,,,,,,,,,,,,
20180810,1726460,,,,,,,,,,,,,,,,,,,,,,,
20180811,1564160,,,,,,,,,,,,,,,,,,,,,,,
20180812,1438500,,,,,,,,,,,,,,,,,,,,,,,
20180813,1690010,,,,,,,,,,,,,,,,,,,,,,,
20180814,1753390,,,,,,,,,,,,,,,,,,,,,,,
20180815,1574490,,,,,,,,,,,,,,,,,,,,,,,
20180816,1708540,,,,,,,,,,,,,,,,,,,,,,,
20180817,1692140,,,,,,,,,,,,,,,,,,,,,,,
20180818,1529690,,,,,,,,,,,,,,,,,,,,,,,
20180819,1420150,,,,,,,,,,,,,,,,,,,,,,,
20180820,1695690,,,,,,,,,,,,,,,,,,,,,,,
20180821,1667260,,,,,,,,,,,,,,,,,,,,,,,
20180822,1676640,,,,,,,,,,,,,,,,,,,,,,,
20180823,1679150,,,,,,,,,,,,,,,,,,,,,,,
20180824,1688840,,,,,,,,,,,,,,,,,,,,,,,
20180825,1479400,,,,,,,,,,,,,,,,,,,,,,,
20180826,1330790,,,,,,,,,,,,,,,,,,,,,,,
20180827,1601530,,,,,,,,,,,,,,,,,,,,,,,
20180828,1624550,,,,,,,,,,,,,,,,,,,,,,,
20180829,1601630,,,,,,,,,,,,,,,,,,,,,,,
20180830,1593180,,,,,,,,,,,,,,,,,,,,,,,
20180831,1582580,,,,,,,,,,,,,,,,,,,,,,,
20180901,1450490,,,,,,,,,,,,,,,,,,,,,,,
20180902,1303730,,,,,,,,,,,,,,,,,,,,,,,
20180903,1534780,,,,,,,,,,,,,,,,,,,,,,,
20180904,1580330,,,,,,,,,,,,,,,,,,,,,,,
20180905,1558310,,,,,,,,,,,,,,,,,,,,,,,
20180906,1531070,,,,,,,,,,,,,,,,,,,,,,,
20180907,1547440,,,,,,,,,,,,,,,,,,,,,,,
20180908,1393190,,,,,,,,,,,,,,,,,,,,,,,
20180909,1235760,,,,,,,,,,,,,,,,,,,,,,,
20180910,1450440,,,,,,,,,,,,,,,,,,,,,,,
20180911,1458040,,,,,,,,,,,,,,,,,,,,,,,
20180912,1474190,,,,,,,,,,,,,,,,,,,,,,,
20180913,1490880,,,,,,,,,,,,,,,,,,,,,,,
20180914,1501550,,,,,,,,,,,,,,,,,,,,,,,
20180915,1373500,,,,,,,,,,,,,,,,,,,,,,,
20180916,1234850,,,,,,,,,,,,,,,,,,,,,,,
20180917,1429480,,,,,,,,,,,,,,,,,,,,,,,
20180918,1473400,,,,,,,,,,,,,,,,,,,,,,,
20180919,1481330,,,,,,,,,,,,,,,,,,,,,,,
20180920,1484780,,,,,,,,,,,,,,,,,,,,,,,
20180921,1444230,,,,,,,,,,,,,,,,,,,,,,,
20180922,1229510,,,,,,,,,,,,,,,,,,,,,,,
20180923,1072920,,,,,,,,,,,,,,,,,,,,,,,
20180924,986660,,,,,,,,,,,,,,,,,,,,,,,
20180925,1014480,,,,,,,,,,,,,,,,,,,,,,,
20180926,1111190,,,,,,,,,,,,,,,,,,,,,,,
20180927,1337590,,,,,,,,,,,,,,,,,,,,,,,
20180928,1398720,,,,,,,,,,,,,,,,,,,,,,,
20180929,1339430,,,,,,,,,,,,,,,,,,,,,,,
20180930,1213120,,,,,,,,,,,,,,,,,,,,,,,
20181001,1341140,,,,,,,,,,,,,,,,,,,,,,,
20181002,1417810,,,,,,,,,,,,,,,,,,,,,,,
20181003,1320020,,,,,,,,,,,,,,,,,,,,,,,
20181004,1355110,,,,,,,,,,,,,,,,,,,,,,,
20181005,1381180,,,,,,,,,,,,,,,,,,,,,,,
20181006,1313410,,,,,,,,,,,,,,,,,,,,,,,
20181007,1189490,,,,,,,,,,,,,,,,,,,,,,,
20181008,1358510,,,,,,,,,,,,,,,,,,,,,,,
20181009,1293530,,,,,,,,,,,,,,,,,,,,,,,
20181010,1414420,,,,,,,,,,,,,,,,,,,,,,,
20181011,1451370,,,,,,,,,,,,,,,,,,,,,,,
20181012,1407320,,,,,,,,,,,,,,,,,,,,,,,
20181013,1280810,,,,,,,,,,,,,,,,,,,,,,,
20181014,1165270,,,,,,,,,,,,,,,,,,,,,,,
20181015,1352650,,,,,,,,,,,,,,,,,,,,,,,
20181016,1404830,,,,,,,,,,,,,,,,,,,,,,,
20181017,1410230,,,,,,,,,,,,,,,,,,,,,,,
20181018,1415080,,,,,,,,,,,,,,,,,,,,,,,
20181019,1413160,,,,,,,,,,,,,,,,,,,,,,,
20181020,1287950,,,,,,,,,,,,,,,,,,,,,,,
20181021,1178180,,,,,,,,,,,,,,,,,,,,,,,
20181022,1366960,,,,,,,,,,,,,,,,,,,,,,,
20181023,1403460,,,,,,,,,,,,,,,,,,,,,,,
20181024,1409420,,,,,,,,,,,,,,,,,,,,,,,
20181025,1421160,,,,,,,,,,,,,,,,,,,,,,,
20181026,1416650,,,,,,,,,,,,,,,,,,,,,,,
20181027,1315350,,,,,,,,,,,,,,,,,,,,,,,
20181028,1206330,,,,,,,,,,,,,,,,,,,,,,,
20181029,1400700,,,,,,,,,,,,,,,,,,,,,,,
20181030,1459960,,,,,,,,,,,,,,,,,,,,,,,
20181031,1461510,,,,,,,,,,,,,,,,,,,,,,,
20181101,1452200,,,,,,,,,,,,,,,,,,,,,,,
20181102,1438430,,,,,,,,,,,,,,,,,,,,,,,
20181103,1322130,,,,,,,,,,,,,,,,,,,,,,,
20181104,1217510,,,,,,,,,,,,,,,,,,,,,,,
20181105,1407130,,,,,,,,,,,,,,,,,,,,,,,
20181106,1456220,,,,,,,,,,,,,,,,,,,,,,,
20181107,1467980,,,,,,,,,,,,,,,,,,,,,,,
20181108,1462120,,,,,,,,,,,,,,,,,,,,,,,
20181109,1469370,,,,,,,,,,,,,,,,,,,,,,,
20181110,1341490,,,,,,,,,,,,,,,,,,,,,,,
20181111,1240800,,,,,,,,,,,,,,,,,,,,,,,
20181112,1442570,,,,,,,,,,,,,,,,,,,,,,,
20181113,1470170,,,,,,,,,,,,,,,,,,,,,,,
20181114,1453600,,,,,,,,,,,,,,,,,,,,,,,
20181115,1551730,,,,,,,,,,,,,,,,,,,,,,,
20181116,1483390,,,,,,,,,,,,,,,,,,,,,,,
20181117,1341210,,,,,,,,,,,,,,,,,,,,,,,
20181118,1237580,,,,,,,,,,,,,,,,,,,,,,,
20181119,1434930,,,,,,,,,,,,,,,,,,,,,,,
20181120,1485350,,,,,,,,,,,,,,,,,,,,,,,
20181121,1506290,,,,,,,,,,,,,,,,,,,,,,,
20181122,1534230,,,,,,,,,,,,,,,,,,,,,,,
20181123,1553480,,,,,,,,,,,,,,,,,,,,,,,
20181124,1413340,,,,,,,,,,,,,,,,,,,,,,,
20181125,1287510,,,,,,,,,,,,,,,,,,,,,,,
20181126,1499670,,,,,,,,,,,,,,,,,,,,,,,
20181127,1529370,,,,,,,,,,,,,,,,,,,,,,,
20181128,1557040,,,,,,,,,,,,,,,,,,,,,,,
20181129,1564390,,,,,,,,,,,,,,,,,,,,,,,
20181130,1565060,,,,,,,,,,,,,,,,,,,,,,,
20181201,1420140,,,,,,,,,,,,,,,,,,,,,,,
20181202,1302610,,,,,,,,,,,,,,,,,,,,,,,
20181203,1514750,,,,,,,,,,,,,,,,,,,,,,,
20181204,1546530,,,,,,,,,,,,,,,,,,,,,,,
20181205,1581610,,,,,,,,,,,,,,,,,,,,,,,
20181206,1565450,,,,,,,,,,,,,,,,,,,,,,,
20181207,1635580,,,,,,,,,,,,,,,,,,,,,,,
20181208,1470640,,,,,,,,,,,,,,,,,,,,,,,
20181209,1352160,,,,,,,,,,,,,,,,,,,,,,,
20181210,1559510,,,,,,,,,,,,,,,,,,,,,,,
20181211,1637440,,,,,,,,,,,,,,,,,,,,,,,
20181212,1685010,,,,,,,,,,,,,,,,,,,,,,,
20181213,1707370,,,,,,,,,,,,,,,,,,,,,,,
20181214,1725360,,,,,,,,,,,,,,,,,,,,,,,
20181215,1574400,,,,,,,,,,,,,,,,,,,,,,,
20181216,1460280,,,,,,,,,,,,,,,,,,,,,,,
20181217,1663180,,,,,,,,,,,,,,,,,,,,,,,
20181218,1690590,,,,,,,,,,,,,,,,,,,,,,,
20181219,1673050,,,,,,,,,,,,,,,,,,,,,,,
20181220,1658400,,,,,,,,,,,,,,,,,,,,,,,
20181221,1640790,,,,,,,,,,,,,,,,,,,,,,,
20181222,1497030,,,,,,,,,,,,,,,,,,,,,,,
20181223,1407130,,,,,,,,,,,,,,,,,,,,,,,
20181224,1604280,,,,,,,,,,,,,,,,,,,,,,,
20181225,1422620,,,,,,,,,,,,,,,,,,,,,,,
20181226,1660810,,,,,,,,,,,,,,,,,,,,,,,
20181227,1750160,,,,,,,,,,,,,,,,,,,,,,,
20181228,1723900,,,,,,,,,,,,,,,,,,,,,,,
20181229,1555770,,,,,,,,,,,,,,,,,,,,,,,
20181230,1429180,,,,,,,,,,,,,,,,,,,,,,,
20181231,1456840,,,,,,,,,,,,,,,,,,,,,,,
20190101,1356980,,,,,,,,,,,,,,,,,,,,,,,
20190102,1726570,,,,,,,,,,,,,,,,,,,,,,,
20190103,1676400,,,,,,,,,,,,,,,,,,,,,,,
20190104,1651140,,,,,,,,,,,,,,,,,,,,,,,
20190105,1560740,,,,,,,,,,,,,,,,,,,,,,,
20190106,1436860,,,,,,,,,,,,,,,,,,,,,,,
20190107,1658860,,,,,,,,,,,,,,,,,,,,,,,
20190108,1731570,,,,,,,,,,,,,,,,,,,,,,,
20190109,1742830,,,,,,,,,,,,,,,,,,,,,,,
20190110,1713160,,,,,,,,,,,,,,,,,,,,,,,
20190111,1707310,,,,,,,,,,,,,,,,,,,,,,,
20190112,1572850,,,,,,,,,,,,,,,,,,,,,,,
20190113,1457210,,,,,,,,,,,,,,,,,,,,,,,
20190114,1655170,,,,,,,,,,,,,,,,,,,,,,,
20190115,1697310,,,,,,,,,,,,,,,,,,,,,,,
20190116,1731030,,,,,,,,,,,,,,,,,,,,,,,
20190117,1685050,,,,,,,,,,,,,,,,,,,,,,,
20190118,1680780,,,,,,,,,,,,,,,,,,,,,,,
20190119,1520400,,,,,,,,,,,,,,,,,,,,,,,
20190120,1432830,,,,,,,,,,,,,,,,,,,,,,,
20190121,1634610,,,,,,,,,,,,,,,,,,,,,,,
20190122,1670070,,,,,,,,,,,,,,,,,,,,,,,
20190123,1664550,,,,,,,,,,,,,,,,,,,,,,,
20190124,1671670,,,,,,,,,,,,,,,,,,,,,,,
20190125,1667430,,,,,,,,,,,,,,,,,,,,,,,
20190126,1512350,,,,,,,,,,,,,,,,,,,,,,,
20190127,1397480,,,,,,,,,,,,,,,,,,,,,,,
20190128,1609690,,,,,,,,,,,,,,,,,,,,,,,
20190129,1645270,,,,,,,,,,,,,,,,,,,,,,,
20190130,1624900,,,,,,,,,,,,,,,,,,,,,,,
20190131,1687590,,,,,,,,,,,,,,,,,,,,,,,
20190201,1604610,,,,,,,,,,,,,,,,,,,,,,,
20190202,1414350,,,,,,,,,,,,,,,,,,,,,,,
20190203,1278520,,,,,,,,,,,,,,,,,,,,,,,
20190204,1183440,,,,,,,,,,,,,,,,,,,,,,,
20190205,1123820,,,,,,,,,,,,,,,,,,,,,,,
20190206,1214750,,,,,,,,,,,,,,,,,,,,,,,
20190207,1546350,,,,,,,,,,,,,,,,,,,,,,,
20190208,1644610,,,,,,,,,,,,,,,,,,,,,,,
20190209,1519090,,,,,,,,,,,,,,,,,,,,,,,
20190210,1420980,,,,,,,,,,,,,,,,,,,,,,,
20190211,1614910,,,,,,,,,,,,,,,,,,,,,,,
20190212,1643900,,,,,,,,,,,,,,,,,,,,,,,
20190213,1646690,,,,,,,,,,,,,,,,,,,,,,,
20190214,1647270,,,,,,,,,,,,,,,,,,,,,,,
20190215,1656040,,,,,,,,,,,,,,,,,,,,,,,
20190216,1534660,,,,,,,,,,,,,,,,,,,,,,,
20190217,1401710,,,,,,,,,,,,,,,,,,,,,,,
20190218,1611850,,,,,,,,,,,,,,,,,,,,,,,
20190219,1651640,,,,,,,,,,,,,,,,,,,,,,,
20190220,1636580,,,,,,,,,,,,,,,,,,,,,,,
20190221,1635030,,,,,,,,,,,,,,,,,,,,,,,
20190222,1634100,,,,,,,,,,,,,,,,,,,,,,,
20190223,1451230,,,,,,,,,,,,,,,,,,,,,,,
20190224,1343610,,,,,,,,,,,,,,,,,,,,,,,
20190225,1564110,,,,,,,,,,,,,,,,,,,,,,,
20190226,1583130,,,,,,,,,,,,,,,,,,,,,,,
20190227,1562930,,,,,,,,,,,,,,,,,,,,,,,
20190228,1544910,,,,,,,,,,,,,,,,,,,,,,,
20190301,1448840,,,,,,,,,,,,,,,,,,,,,,,
20190302,1284890,,,,,,,,,,,,,,,,,,,,,,,
20190303,1320890,,,,,,,,,,,,,,,,,,,,,,,
20190304,1498810,,,,,,,,,,,,,,,,,,,,,,,
20190305,1508390,,,,,,,,,,,,,,,,,,,,,,,
20190306,1517360,,,,,,,,,,,,,,,,,,,,,,,
20190307,1522220,,,,,,,,,,,,,,,,,,,,,,,
20190308,1512910,,,,,,,,,,,,,,,,,,,,,,,
20190309,1358250,,,,,,,,,,,,,,,,,,,,,,,
20190310,1274810,,,,,,,,,,,,,,,,,,,,,,,
20190311,1470040,,,,,,,,,,,,,,,,,,,,,,,
20190312,1521290,,,,,,,,,,,,,,,,,,,,,,,
20190313,1536410,,,,,,,,,,,,,,,,,,,,,,,
20190314,1531080,,,,,,,,,,,,,,,,,,,,,,,
20190315,1536270,,,,,,,,,,,,,,,,,,,,,,,
20190316,1392550,,,,,,,,,,,,,,,,,,,,,,,
20190317,1279430,,,,,,,,,,,,,,,,,,,,,,,
20190318,1488640,,,,,,,,,,,,,,,,,,,,,,,
20190319,1495790,,,,,,,,,,,,,,,,,,,,,,,
20190320,1485090,,,,,,,,,,,,,,,,,,,,,,,
20190321,1499740,,,,,,,,,,,,,,,,,,,,,,,
20190322,1531950,,,,,,,,,,,,,,,,,,,,,,,
20190323,1354220,,,,,,,,,,,,,,,,,,,,,,,
20190324,1257360,,,,,,,,,,,,,,,,,,,,,,,
20190325,1452980,,,,,,,,,,,,,,,,,,,,,,,
20190326,1460910,,,,,,,,,,,,,,,,,,,,,,,
20190327,1462930,,,,,,,,,,,,,,,,,,,,,,,
20190328,1473150,,,,,,,,,,,,,,,,,,,,,,,
20190329,1474310,,,,,,,,,,,,,,,,,,,,,,,
20190330,1308860,,,,,,,,,,,,,,,,,,,,,,,
20190331,1238830,,,,,,,,,,,,,,,,,,,,,,,
20190401,1415150,,,,,,,,,,,,,,,,,,,,,,,
20190402,1455800,,,,,,,,,,,,,,,,,,,,,,,
20190403,1439820,,,,,,,,,,,,,,,,,,,,,,,
20190404,1438530,,,,,,,,,,,,,,,,,,,,,,,
20190405,1443030,,,,,,,,,,,,,,,,,,,,,,,
20190406,1296290,,,,,,,,,,,,,,,,,,,,,,,
20190407,1214740,,,,,,,,,,,,,,,,,,,,,,,
20190408,1422580,,,,,,,,,,,,,,,,,,,,,,,
20190409,1458370,,,,,,,,,,,,,,,,,,,,,,,
20190410,1486290,,,,,,,,,,,,,,,,,,,,,,,
20190411,1484180,,,,,,,,,,,,,,,,,,,,,,,
20190412,1468220,,,,,,,,,,,,,,,,,,,,,,,
20190413,1303270,,,,,,,,,,,,,,,,,,,,,,,
20190414,1221590,,,,,,,,,,,,,,,,,,,,,,,
20190415,1419580,,,,,,,,,,,,,,,,,,,,,,,
20190416,1407010,,,,,,,,,,,,,,,,,,,,,,,
20190417,1390810,,,,,,,,,,,,,,,,,,,,,,,
20190418,1420400,,,,,,,,,,,,,,,,,,,,,,,
20190419,1418370,,,,,,,,,,,,,,,,,,,,,,,
20190420,1248390,,,,,,,,,,,,,,,,,,,,,,,
20190421,1147280,,,,,,,,,,,,,,,,,,,,,,,
20190422,1332690,,,,,,,,,,,,,,,,,,,,,,,
20190423,1381170,,,,,,,,,,,,,,,,,,,,,,,
20190424,1393690,,,,,,,,,,,,,,,,,,,,,,,
20190425,1425650,,,,,,,,,,,,,,,,,,,,,,,
20190426,1442160,,,,,,,,,,,,,,,,,,,,,,,
20190427,1264200,,,,,,,,,,,,,,,,,,,,,,,
20190428,1160550,,,,,,,,,,,,,,,,,,,,,,,
20190429,1374910,,,,,,,,,,,,,,,,,,,,,,,
20190430,1377090,,,,,,,,,,,,,,,,,,,,,,,
20190501,1276770,,,,,,,,,,,,,,,,,,,,,,,
20190502,1409140,,,,,,,,,,,,,,,,,,,,,,,
20190503,1416430,,,,,,,,,,,,,,,,,,,,,,,
20190504,1209370,,,,,,,,,,,,,,,,,,,,,,,
20190505,1167200,,,,,,,,,,,,,,,,,,,,,,,
20190506,1240430,,,,,,,,,,,,,,,,,,,,,,,
20190507,1365730,,,,,,,,,,,,,,,,,,,,,,,
20190508,1367280,,,,,,,,,,,,,,,,,,,,,,,
20190509,1365290,,,,,,,,,,,,,,,,,,,,,,,
20190510,1367390,,,,,,,,,,,,,,,,,,,,,,,
20190511,1226560,,,,,,,,,,,,,,,,,,,,,,,
20190512,1143150,,,,,,,,,,,,,,,,,,,,,,,
20190513,1378610,,,,,,,,,,,,,,,,,,,,,,,
20190514,1397510,,,,,,,,,,,,,,,,,,,,,,,
20190515,1397430,,,,,,,,,,,,,,,,,,,,,,,
20190516,1402380,,,,,,,,,,,,,,,,,,,,,,,
20190517,1411610,,,,,,,,,,,,,,,,,,,,,,,
20190518,1262930,,,,,,,,,,,,,,,,,,,,,,,
20190519,1171300,,,,,,,,,,,,,,,,,,,,,,,
20190520,1400260,,,,,,,,,,,,,,,,,,,,,,,
20190521,1413770,,,,,,,,,,,,,,,,,,,,,,,
20190522,1382670,,,,,,,,,,,,,,,,,,,,,,,
20190523,1390300,,,,,,,,,,,,,,,,,,,,,,,
20190524,1421860,,,,,,,,,,,,,,,,,,,,,,,
20190525,1319890,,,,,,,,,,,,,,,,,,,,,,,
20190526,1205420,,,,,,,,,,,,,,,,,,,,,,,
20190527,1442370,,,,,,,,,,,,,,,,,,,,,,,
20190528,1407280,,,,,,,,,,,,,,,,,,,,,,,
20190529,1390430,,,,,,,,,,,,,,,,,,,,,,,
20190530,1398390,,,,,,,,,,,,,,,,,,,,,,,
20190531,1383510,,,,,,,,,,,,,,,,,,,,,,,
20190601,1270950,,,,,,,,,,,,,,,,,,,,,,,
20190602,1177620,,,,,,,,,,,,,,,,,,,,,,,
20190603,1422850,,,,,,,,,,,,,,,,,,,,,,,
20190604,1408080,,,,,,,,,,,,,,,,,,,,,,,
20190605,1429830,,,,,,,,,,,,,,,,,,,,,,,
20190606,1351750,,,,,,,,,,,,,,,,,,,,,,,
20190607,1394770,,,,,,,,,,,,,,,,,,,,,,,
20190608,1267030,,,,,,,,,,,,,,,,,,,,,,,
20190609,1161860,,,,,,,,,,,,,,,,,,,,,,,
20190610,1367230,,,,,,,,,,,,,,,,,,,,,,,
20190611,1390750,,,,,,,,,,,,,,,,,,,,,,,
20190612,1390780,,,,,,,,,,,,,,,,,,,,,,,
20190613,1403830,,,,,,,,,,,,,,,,,,,,,,,
20190614,1422030,,,,,,,,,,,,,,,,,,,,,,,
20190615,1279530,,,,,,,,,,,,,,,,,,,,,,,
20190616,1162760,,,,,,,,,,,,,,,,,,,,,,,
20190617,1399490,,,,,,,,,,,,,,,,,,,,,,,
20190618,1424800,,,,,,,,,,,,,,,,,,,,,,,
20190619,1424910,,,,,,,,,,,,,,,,,,,,,,,
20190620,1441980,,,,,,,,,,,,,,,,,,,,,,,
20190621,1452680,,,,,,,,,,,,,,,,,,,,,,,
20190622,1283600,,,,,,,,,,,,,,,,,,,,,,,
20190623,1165000,,,,,,,,,,,,,,,,,,,,,,,
20190624,1376460,,,,,,,,,,,,,,,,,,,,,,,
20190625,1441510,,,,,,,,,,,,,,,,,,,,,,,
20190626,1465040,,,,,,,,,,,,,,,,,,,,,,,
20190627,1487340,,,,,,,,,,,,,,,,,,,,,,,
20190628,1501800,,,,,,,,,,,,,,,,,,,,,,,
20190629,1331660,,,,,,,,,,,,,,,,,,,,,,,
20190630,1211290,,,,,,,,,,,,,,,,,,,,,,,
20190701,1437760,,,,,,,,,,,,,,,,,,,,,,,
20190702,1472690,,,,,,,,,,,,,,,,,,,,,,,
20190703,1471760,,,,,,,,,,,,,,,,,,,,,,,
20190704,1481330,,,,,,,,,,,,,,,,,,,,,,,
20190705,1487870,,,,,,,,,,,,,,,,,,,,,,,
20190706,1369460,,,,,,,,,,,,,,,,,,,,,,,
20190707,1244450,,,,,,,,,,,,,,,,,,,,,,,
20190708,1478580,,,,,,,,,,,,,,,,,,,,,,,
20190709,1505700,,,,,,,,,,,,,,,,,,,,,,,
20190710,1496670,,,,,,,,,,,,,,,,,,,,,,,
20190711,1504820,,,,,,,,,,,,,,,,,,,,,,,
20190712,1494720,,,,,,,,,,,,,,,,,,,,,,,
20190713,1369180,,,,,,,,,,,,,,,,,,,,,,,
20190714,1250070,,,,,,,,,,,,,,,,,,,,,,,
20190715,1459750,,,,,,,,,,,,,,,,,,,,,,,
20190716,1499180,,,,,,,,,,,,,,,,,,,,,,,
20190717,1508490,,,,,,,,,,,,,,,,,,,,,,,
20190718,1530660,,,,,,,,,,,,,,,,,,,,,,,
20190719,1554300,,,,,,,,,,,,,,,,,,,,,,,
20190720,1434620,,,,,,,,,,,,,,,,,,,,,,,
20190721,1288930,,,,,,,,,,,,,,,,,,,,,,,
20190722,1545710,,,,,,,,,,,,,,,,,,,,,,,
20190723,1599070,,,,,,,,,,,,,,,,,,,,,,,
20190724,1616450,,,,,,,,,,,,,,,,,,,,,,,
20190725,1641460,,,,,,,,,,,,,,,,,,,,,,,
20190726,1642250,,,,,,,,,,,,,,,,,,,,,,,
20190727,1455560,,,,,,,,,,,,,,,,,,,,,,,
20190728,1341800,,,,,,,,,,,,,,,,,,,,,,,
20190729,1562060,,,,,,,,,,,,,,,,,,,,,,,
20190730,1579430,,,,,,,,,,,,,,,,,,,,,,,
20190731,1580420,,,,,,,,,,,,,,,,,,,,,,,
20190801,1558090,,,,,,,,,,,,,,,,,,,,,,,
20190802,1499820,,,,,,,,,,,,,,,,,,,,,,,
20190803,1459390,,,,,,,,,,,,,,,,,,,,,,,
20190804,1410380,,,,,,,,,,,,,,,,,,,,,,,
20190805,1566690,,,,,,,,,,,,,,,,,,,,,,,
20190806,1638940,,,,,,,,,,,,,,,,,,,,,,,
20190807,1621850,,,,,,,,,,,,,,,,,,,,,,,
20190808,1618220,,,,,,,,,,,,,,,,,,,,,,,
20190809,1610460,,,,,,,,,,,,,,,,,,,,,,,
20190810,1492010,,,,,,,,,,,,,,,,,,,,,,,
20190811,1385950,,,,,,,,,,,,,,,,,,,,,,,
20190812,1602710,,,,,,,,,,,,,,,,,,,,,,,
20190813,1658700,,,,,,,,,,,,,,,,,,,,,,,
20190814,1675660,,,,,,,,,,,,,,,,,,,,,,,
20190815,1617270,,,,,,,,,,,,,,,,,,,,,,,
20190816,1682320,,,,,,,,,,,,,,,,,,,,,,,
20190817,1529070,,,,,,,,,,,,,,,,,,,,,,,
20190818,1404410,,,,,,,,,,,,,,,,,,,,,,,
20190819,1629290,,,,,,,,,,,,,,,,,,,,,,,
20190820,1683990,,,,,,,,,,,,,,,,,,,,,,,
20190821,1689070,,,,,,,,,,,,,,,,,,,,,,,
20190822,1657210,,,,,,,,,,,,,,,,,,,,,,,
20190823,1613030,,,,,,,,,,,,,,,,,,,,,,,
20190824,1428140,,,,,,,,,,,,,,,,,,,,,,,
20190825,1314120,,,,,,,,,,,,,,,,,,,,,,,
20190826,1544610,,,,,,,,,,,,,,,,,,,,,,,
20190827,1599810,,,,,,,,,,,,,,,,,,,,,,,
20190828,1600130,,,,,,,,,,,,,,,,,,,,,,,
20190829,1583790,,,,,,,,,,,,,,,,,,,,,,,
20190830,1543340,,,,,,,,,,,,,,,,,,,,,,,
20190831,1382650,,,,,,,,,,,,,,,,,,,,,,,
20190901,1267600,,,,,,,,,,,,,,,,,,,,,,,
20190902,1477960,,,,,,,,,,,,,,,,,,,,,,,
20190903,1520140,,,,,,,,,,,,,,,,,,,,,,,
20190904,1539940,,,,,,,,,,,,,,,,,,,,,,,
20190905,1557950,,,,,,,,,,,,,,,,,,,,,,,
20190906,1572890,,,,,,,,,,,,,,,,,,,,,,,
20190907,1432280,,,,,,,,,,,,,,,,,,,,,,,
20190908,1294620,,,,,,,,,,,,,,,,,,,,,,,
20190909,1521550,,,,,,,,,,,,,,,,,,,,,,,
20190910,1600450,,,,,,,,,,,,,,,,,,,,,,,
20190911,1491640,,,,,,,,,,,,,,,,,,,,,,,
20190912,1183050,,,,,,,,,,,,,,,,,,,,,,,
20190913,1053550,,,,,,,,,,,,,,,,,,,,,,,
20190914,1112810,,,,,,,,,,,,,,,,,,,,,,,
20190915,1163900,,,,,,,,,,,,,,,,,,,,,,,
20190916,1411400,,,,,,,,,,,,,,,,,,,,,,,
20190917,1503880,,,,,,,,,,,,,,,,,,,,,,,
20190918,1526430,,,,,,,,,,,,,,,,,,,,,,,
20190919,1443640,,,,,,,,,,,,,,,,,,,,,,,
20190920,1434100,,,,,,,,,,,,,,,,,,,,,,,
20190921,1346990,,,,,,,,,,,,,,,,,,,,,,,
20190922,1236640,,,,,,,,,,,,,,,,,,,,,,,
20190923,1425080,,,,,,,,,,,,,,,,,,,,,,,
20190924,1403060,,,,,,,,,,,,,,,,,,,,,,,
20190925,1392240,,,,,,,,,,,,,,,,,,,,,,,
20190926,1416370,,,,,,,,,,,,,,,,,,,,,,,
20190927,1440400,,,,,,,,,,,,,,,,,,,,,,,
20190928,1336310,,,,,,,,,,,,,,,,,,,,,,,
20190929,1223120,,,,,,,,,,,,,,,,,,,,,,,
20190930,1411350,,,,,,,,,,,,,,,,,,,,,,,
20191001,1445510,,,,,,,,,,,,,,,,,,,,,,,
20191002,1461220,,,,,,,,,,,,,,,,,,,,,,,
20191003,1484910,,,,,,,,,,,,,,,,,,,,,,,
20191004,1404150,,,,,,,,,,,,,,,,,,,,,,,
20191005,1312090,,,,,,,,,,,,,,,,,,,,,,,
20191006,1156940,,,,,,,,,,,,,,,,,,,,,,,
20191007,1444940,,,,,,,,,,,,,,,,,,,,,,,
20191008,1476230,,,,,,,,,,,,,,,,,,,,,,,
20191009,1307810,,,,,,,,,,,,,,,,,,,,,,,
20191010,1392380,,,,,,,,,,,,,,,,,,,,,,,
20191011,1377320,,,,,,,,,,,,,,,,,,,,,,,
20191012,1307040,,,,,,,,,,,,,,,,,,,,,,,
20191013,1175780,,,,,,,,,,,,,,,,,,,,,,,
20191014,1335080,,,,,,,,,,,,,,,,,,,,,,,
20191015,1371550,,,,,,,,,,,,,,,,,,,,,,,
20191016,1374610,,,,,,,,,,,,,,,,,,,,,,,
20191017,1370420,,,,,,,,,,,,,,,,,,,,,,,
20191018,1362330,,,,,,,,,,,,,,,,,,,,,,,
20191019,1225940,,,,,,,,,,,,,,,,,,,,,,,
20191020,1127080,,,,,,,,,,,,,,,,,,,,,,,
20191021,1330180,,,,,,,,,,,,,,,,,,,,,,,
20191022,1359660,,,,,,,,,,,,,,,,,,,,,,,
20191023,1376500,,,,,,,,,,,,,,,,,,,,,,,
20191024,1376890,,,,,,,,,,,,,,,,,,,,,,,
20191025,1389120,,,,,,,,,,,,,,,,,,,,,,,
20191026,1270370,,,,,,,,,,,,,,,,,,,,,,,
20191027,1170230,,,,,,,,,,,,,,,,,,,,,,,
20191028,1347840,,,,,,,,,,,,,,,,,,,,,,,
20191029,1371230,,,,,,,,,,,,,,,,,,,,,,,
20191030,1371400,,,,,,,,,,,,,,,,,,,,,,,
20191031,1374410,,,,,,,,,,,,,,,,,,,,,,,
20191101,1366980,,,,,,,,,,,,,,,,,,,,,,,
20191102,1218100,,,,,,,,,,,,,,,,,,,,,,,
20191103,1135700,,,,,,,,,,,,,,,,,,,,,,,
20191104,1341510,,,,,,,,,,,,,,,,,,,,,,,
20191105,1379060,,,,,,,,,,,,,,,,,,,,,,,
20191106,1391200,,,,,,,,,,,,,,,,,,,,,,,
20191107,1398670,,,,,,,,,,,,,,,,,,,,,,,
20191108,1409040,,,,,,,,,,,,,,,,,,,,,,,
20191109,1244600,,,,,,,,,,,,,,,,,,,,,,,
20191110,1160380,,,,,,,,,,,,,,,,,,,,,,,
20191111,1345610,,,,,,,,,,,,,,,,,,,,,,,
20191112,1391630,,,,,,,,,,,,,,,,,,,,,,,
20191113,1410360,,,,,,,,,,,,,,,,,,,,,,,
20191114,1470330,,,,,,,,,,,,,,,,,,,,,,,
20191115,1457850,,,,,,,,,,,,,,,,,,,,,,,
20191116,1321270,,,,,,,,,,,,,,,,,,,,,,,
20191117,1207450,,,,,,,,,,,,,,,,,,,,,,,
20191118,1449720,,,,,,,,,,,,,,,,,,,,,,,
20191119,1510340,,,,,,,,,,,,,,,,,,,,,,,
20191120,1523780,,,,,,,,,,,,,,,,,,,,,,,
20191121,1529110,,,,,,,,,,,,,,,,,,,,,,,
20191122,1479190,,,,,,,,,,,,,,,,,,,,,,,
20191123,1352610,,,,,,,,,,,,,,,,,,,,,,,
20191124,1267660,,,,,,,,,,,,,,,,,,,,,,,
20191125,1426250,,,,,,,,,,,,,,,,,,,,,,,
20191126,1512980,,,,,,,,,,,,,,,,,,,,,,,
20191127,1508520,,,,,,,,,,,,,,,,,,,,,,,
20191128,1520350,,,,,,,,,,,,,,,,,,,,,,,
20191129,1521270,,,,,,,,,,,,,,,,,,,,,,,
20191130,1374950,,,,,,,,,,,,,,,,,,,,,,,
20191201,1277860,,,,,,,,,,,,,,,,,,,,,,,
20191202,1501290,,,,,,,,,,,,,,,,,,,,,,,
20191203,1532680,,,,,,,,,,,,,,,,,,,,,,,
20191204,1547460,,,,,,,,,,,,,,,,,,,,,,,
20191205,1613520,,,,,,,,,,,,,,,,,,,,,,,
20191206,1620480,,,,,,,,,,,,,,,,,,,,,,,
20191207,1462090,,,,,,,,,,,,,,,,,,,,,,,
20191208,1355210,,,,,,,,,,,,,,,,,,,,,,,
20191209,1570660,,,,,,,,,,,,,,,,,,,,,,,
20191210,1598240,,,,,,,,,,,,,,,,,,,,,,,
20191211,1619560,,,,,,,,,,,,,,,,,,,,,,,
20191212,1641910,,,,,,,,,,,,,,,,,,,,,,,
20191213,1621570,,,,,,,,,,,,,,,,,,,,,,,
20191214,1442390,,,,,,,,,,,,,,,,,,,,,,,
20191215,1336000,,,,,,,,,,,,,,,,,,,,,,,
20191216,1587430,,,,,,,,,,,,,,,,,,,,,,,
20191217,1579420,,,,,,,,,,,,,,,,,,,,,,,
20191218,1618340,,,,,,,,,,,,,,,,,,,,,,,
20191219,1606670,,,,,,,,,,,,,,,,,,,,,,,
20191220,1611770,,,,,,,,,,,,,,,,,,,,,,,
20191221,1453200,,,,,,,,,,,,,,,,,,,,,,,
20191222,1343840,,,,,,,,,,,,,,,,,,,,,,,
20191223,1533750,,,,,,,,,,,,,,,,,,,,,,,
20191224,1580860,,,,,,,,,,,,,,,,,,,,,,,
20191225,1436960,,,,,,,,,,,,,,,,,,,,,,,
20191226,1611160,,,,,,,,,,,,,,,,,,,,,,,
20191227,1617930,,,,,,,,,,,,,,,,,,,,,,,
20191228,1461490,,,,,,,,,,,,,,,,,,,,,,,
20191229,1361430,,,,,,,,,,,,,,,,,,,,,,,
20191230,1532980,,,,,,,,,,,,,,,,,,,,,,,
20191231,1509750,,,,,,,,,,,,,,,,,,,,,,,
20200101,1362490,,,,,,,,,,,,,,,,,,,,,,,
20200102,1575610,,,,,,,,,,,,,,,,,,,,,,,
20200103,1579780,,,,,,,,,,,,,,,,,,,,,,,
20200104,1459500,,,,,,,,,,,,,,,,,,,,,,,
20200105,1344770,,,,,,,,,,,,,,,,,,,,,,,
20200106,1550960,,,,,,,,,,,,,,,,,,,,,,,
20200107,1592960,,,,,,,,,,,,,,,,,,,,,,,
20200108,1599980,,,,,,,,,,,,,,,,,,,,,,,
20200109,1615590,,,,,,,,,,,,,,,,,,,,,,,
20200110,1610050,,,,,,,,,,,,,,,,,,,,,,,
20200111,1425910,,,,,,,,,,,,,,,,,,,,,,,
20200112,1375310,,,,,,,,,,,,,,,,,,,,,,,
20200113,1588060,,,,,,,,,,,,,,,,,,,,,,,
20200114,1629730,,,,,,,,,,,,,,,,,,,,,,,
20200115,1626310,,,,,,,,,,,,,,,,,,,,,,,
20200116,1648750,,,,,,,,,,,,,,,,,,,,,,,
20200117,1637700,,,,,,,,,,,,,,,,,,,,,,,
20200118,1491520,,,,,,,,,,,,,,,,,,,,,,,
20200119,1357180,,,,,,,,,,,,,,,,,,,,,,,
20200120,1604520,,,,,,,,,,,,,,,,,,,,,,,
20200121,1626000,,,,,,,,,,,,,,,,,,,,,,,
20200122,1605770,,,,,,,,,,,,,,,,,,,,,,,
20200123,1509120,,,,,,,,,,,,,,,,,,,,,,,
20200124,1217120,,,,,,,,,,,,,,,,,,,,,,,
20200125,1107980,,,,,,,,,,,,,,,,,,,,,,,
20200126,1153400,,,,,,,,,,,,,,,,,,,,,,,
20200127,1234790,,,,,,,,,,,,,,,,,,,,,,,
20200128,1508900,,,,,,,,,,,,,,,,,,,,,,,
20200129,1604760,,,,,,,,,,,,,,,,,,,,,,,
20200130,1611220,,,,,,,,,,,,,,,,,,,,,,,
20200131,1554040,,,,,,,,,,,,,,,,,,,,,,,
20200201,1352810,,,,,,,,,,,,,,,,,,,,,,,
20200202,1303200,,,,,,,,,,,,,,,,,,,,,,,
20200203,1547180,,,,,,,,,,,,,,,,,,,,,,,
20200204,1571570,,,,,,,,,,,,,,,,,,,,,,,
20200205,1636330,,,,,,,,,,,,,,,,,,,,,,,
20200206,1647290,,,,,,,,,,,,,,,,,,,,,,,
20200207,1615780,,,,,,,,,,,,,,,,,,,,,,,
20200208,1484280,,,,,,,,,,,,,,,,,,,,,,,
20200209,1355370,,,,,,,,,,,,,,,,,,,,,,,
20200210,1561420,,,,,,,,,,,,,,,,,,,,,,,
20200211,1566170,,,,,,,,,,,,,,,,,,,,,,,
20200212,1581290,,,,,,,,,,,,,,,,,,,,,,,
20200213,1548810,,,,,,,,,,,,,,,,,,,,,,,
20200214,1538890,,,,,,,,,,,,,,,,,,,,,,,
20200215,1361650,,,,,,,,,,,,,,,,,,,,,,,
20200216,1330970,,,,,,,,,,,,,,,,,,,,,,,
20200217,1530250,,,,,,,,,,,,,,,,,,,,,,,
20200218,1544840,,,,,,,,,,,,,,,,,,,,,,,
20200219,1514450,,,,,,,,,,,,,,,,,,,,,,,
20200220,1552310,,,,,,,,,,,,,,,,,,,,,,,
20200221,1571460,,,,,,,,,,,,,,,,,,,,,,,
20200222,1436660,,,,,,,,,,,,,,,,,,,,,,,
20200223,1318590,,,,,,,,,,,,,,,,,,,,,,,
20200224,1511470,,,,,,,,,,,,,,,,,,,,,,,
20200225,1537310,,,,,,,,,,,,,,,,,,,,,,,
20200226,1515250,,,,,,,,,,,,,,,,,,,,,,,
20200227,1527600,,,,,,,,,,,,,,,,,,,,,,,
20200228,1511600,,,,,,,,,,,,,,,,,,,,,,,
20200229,1327310,,,,,,,,,,,,,,,,,,,,,,,
20200301,1233870,,,,,,,,,,,,,,,,,,,,,,,
20200302,1433290,,,,,,,,,,,,,,,,,,,,,,,
20200303,1480840,,,,,,,,,,,,,,,,,,,,,,,
20200304,1497770,,,,,,,,,,,,,,,,,,,,,,,
20200305,1485110,,,,,,,,,,,,,,,,,,,,,,,
20200306,1475210,,,,,,,,,,,,,,,,,,,,,,,
20200307,1320460,,,,,,,,,,,,,,,,,,,,,,,
20200308,1217090,,,,,,,,,,,,,,,,,,,,,,,
20200309,1390890,,,,,,,,,,,,,,,,,,,,,,,
20200310,1481170,,,,,,,,,,,,,,,,,,,,,,,
20200311,1497470,,,,,,,,,,,,,,,,,,,,,,,
20200312,1486590,,,,,,,,,,,,,,,,,,,,,,,
20200313,1486180,,,,,,,,,,,,,,,,,,,,,,,
20200314,1329470,,,,,,,,,,,,,,,,,,,,,,,
20200315,1261680,,,,,,,,,,,,,,,,,,,,,,,
20200316,1450010,,,,,,,,,,,,,,,,,,,,,,,
20200317,1443120,,,,,,,,,,,,,,,,,,,,,,,
20200318,1412180,,,,,,,,,,,,,,,,,,,,,,,
20200319,1463510,,,,,,,,,,,,,,,,,,,,,,,
20200320,1437750,,,,,,,,,,,,,,,,,,,,,,,
20200321,1282530,,,,,,,,,,,,,,,,,,,,,,,
20200322,1195210,,,,,,,,,,,,,,,,,,,,,,,
20200323,1403670,,,,,,,,,,,,,,,,,,,,,,,
20200324,1401890,,,,,,,,,,,,,,,,,,,,,,,
20200325,1378060,,,,,,,,,,,,,,,,,,,,,,,
20200326,1367990,,,,,,,,,,,,,,,,,,,,,,,
20200327,1380780,,,,,,,,,,,,,,,,,,,,,,,
20200328,1272360,,,,,,,,,,,,,,,,,,,,,,,
20200329,1184300,,,,,,,,,,,,,,,,,,,,,,,
20200330,1360440,,,,,,,,,,,,,,,,,,,,,,,
20200331,1391700,,,,,,,,,,,,,,,,,,,,,,,
20200401,1368890,,,,,,,,,,,,,,,,,,,,,,,
20200402,1371870,,,,,,,,,,,,,,,,,,,,,,,
20200403,1371010,,,,,,,,,,,,,,,,,,,,,,,
20200404,1227880,,,,,,,,,,,,,,,,,,,,,,,
20200405,1138180,,,,,,,,,,,,,,,,,,,,,,,
20200406,1322660,,,,,,,,,,,,,,,,,,,,,,,
20200407,1344230,,,,,,,,,,,,,,,,,,,,,,,
20200408,1366020,,,,,,,,,,,,,,,,,,,,,,,
20200409,1357590,,,,,,,,,,,,,,,,,,,,,,,
20200410,1352040,,,,,,,,,,,,,,,,,,,,,,,
20200411,1233780,,,,,,,,,,,,,,,,,,,,,,,
20200412,1101260,,,,,,,,,,,,,,,,,,,,,,,
20200413,1310240,,,,,,,,,,,,,,,,,,,,,,,
20200414,1321760,,,,,,,,,,,,,,,,,,,,,,,
20200415,1298370,,,,,,,,,,,,,,,,,,,,,,,
20200416,1309660,,,,,,,,,,,,,,,,,,,,,,,
20200417,1348140,,,,,,,,,,,,,,,,,,,,,,,
20200418,1229760,,,,,,,,,,,,,,,,,,,,,,,
20200419,1119060,,,,,,,,,,,,,,,,,,,,,,,
20200420,1286340,,,,,,,,,,,,,,,,,,,,,,,
20200421,1360360,,,,,,,,,,,,,,,,,,,,,,,
20200422,1350980,,,,,,,,,,,,,,,,,,,,,,,
20200423,1348100,,,,,,,,,,,,,,,,,,,,,,,
20200424,1342650,,,,,,,,,,,,,,,,,,,,,,,
20200425,1183240,,,,,,,,,,,,,,,,,,,,,,,
20200426,1151800,,,,,,,,,,,,,,,,,,,,,,,
20200427,1292500,,,,,,,,,,,,,,,,,,,,,,,
20200428,1302240,,,,,,,,,,,,,,,,,,,,,,,
20200429,1284250,,,,,,,,,,,,,,,,,,,,,,,
20200430,1258400,,,,,,,,,,,,,,,,,,,,,,,
20200501,1152750,,,,,,,,,,,,,,,,,,,,,,,
20200502,1077170,,,,,,,,,,,,,,,,,,,,,,,
20200503,1135890,,,,,,,,,,,,,,,,,,,,,,,
20200504,1204360,,,,,,,,,,,,,,,,,,,,,,,
20200505,1159280,,,,,,,,,,,,,,,,,,,,,,,
20200506,1234160,,,,,,,,,,,,,,,,,,,,,,,
20200507,1284260,,,,,,,,,,,,,,,,,,,,,,,
20200508,1290010,,,,,,,,,,,,,,,,,,,,,,,
20200509,1165130,,,,,,,,,,,,,,,,,,,,,,,
20200510,1074360,,,,,,,,,,,,,,,,,,,,,,,
20200511,1317190,,,,,,,,,,,,,,,,,,,,,,,
20200512,1304440,,,,,,,,,,,,,,,,,,,,,,,
20200513,1302270,,,,,,,,,,,,,,,,,,,,,,,
20200514,1299580,,,,,,,,,,,,,,,,,,,,,,,
20200515,1287290,,,,,,,,,,,,,,,,,,,,,,,
20200516,1189980,,,,,,,,,,,,,,,,,,,,,,,
20200517,1092740,,,,,,,,,,,,,,,,,,,,,,,
20200518,1314280,,,,,,,,,,,,,,,,,,,,,,,
20200519,1318120,,,,,,,,,,,,,,,,,,,,,,,
20200520,1338190,,,,,,,,,,,,,,,,,,,,,,,
20200521,1320470,,,,,,,,,,,,,,,,,,,,,,,
20200522,1309220,,,,,,,,,,,,,,,,,,,,,,,
20200523,1170500,,,,,,,,,,,,,,,,,,,,,,,
20200524,1076260,,,,,,,,,,,,,,,,,,,,,,,
20200525,1276370,,,,,,,,,,,,,,,,,,,,,,,
20200526,1274520,,,,,,,,,,,,,,,,,,,,,,,
20200527,1283070,,,,,,,,,,,,,,,,,,,,,,,
20200528,1291000,,,,,,,,,,,,,,,,,,,,,,,
20200529,1294120,,,,,,,,,,,,,,,,,,,,,,,
20200530,1139520,,,,,,,,,,,,,,,,,,,,,,,
20200531,1083880,,,,,,,,,,,,,,,,,,,,,,,
20200601,1271050,,,,,,,,,,,,,,,,,,,,,,,
20200602,1283570,,,,,,,,,,,,,,,,,,,,,,,
20200603,1297920,,,,,,,,,,,,,,,,,,,,,,,
20200604,1304270,,,,,,,,,,,,,,,,,,,,,,,
20200605,1335760,,,,,,,,,,,,,,,,,,,,,,,
20200606,1165000,,,,,,,,,,,,,,,,,,,,,,,
20200607,1123470,,,,,,,,,,,,,,,,,,,,,,,
20200608,1311790,,,,,,,,,,,,,,,,,,,,,,,
20200609,1364040,,,,,,,,,,,,,,,,,,,,,,,
20200610,1404070,,,,,,,,,,,,,,,,,,,,,,,
20200611,1428100,,,,,,,,,,,,,,,,,,,,,,,
20200612,1441460,,,,,,,,,,,,,,,,,,,,,,,
20200613,1209830,,,,,,,,,,,,,,,,,,,,,,,
20200614,1141210,,,,,,,,,,,,,,,,,,,,,,,
20200615,1359010,,,,,,,,,,,,,,,,,,,,,,,
20200616,1414740,,,,,,,,,,,,,,,,,,,,,,,
20200617,1406440,,,,,,,,,,,,,,,,,,,,,,,
20200618,1396020,,,,,,,,,,,,,,,,,,,,,,,
20200619,1402650,,,,,,,,,,,,,,,,,,,,,,,
20200620,1230210,,,,,,,,,,,,,,,,,,,,,,,
20200621,1152490,,,,,,,,,,,,,,,,,,,,,,,
20200622,1353570,,,,,,,,,,,,,,,,,,,,,,,
20200623,1393310,,,,,,,,,,,,,,,,,,,,,,,
20200624,1425570,,,,,,,,,,,,,,,,,,,,,,,
20200625,1446260,,,,,,,,,,,,,,,,,,,,,,,
20200626,1439230,,,,,,,,,,,,,,,,,,,,,,,
20200627,1240780,,,,,,,,,,,,,,,,,,,,,,,
20200628,1152960,,,,,,,,,,,,,,,,,,,,,,,
20200629,1372960,,,,,,,,,,,,,,,,,,,,,,,
20200630,1391190,,,,,,,,,,,,,,,,,,,,,,,
20200701,1399040,,,,,,,,,,,,,,,,,,,,,,,
20200702,1389580,,,,,,,,,,,,,,,,,,,,,,,
20200703,1400650,,,,,,,,,,,,,,,,,,,,,,,
20200704,1232770,,,,,,,,,,,,,,,,,,,,,,,
20200705,1136550,,,,,,,,,,,,,,,,,,,,,,,
20200706,1365980,,,,,,,,,,,,,,,,,,,,,,,
20200707,1413130,,,,,,,,,,,,,,,,,,,,,,,
20200708,1432310,,,,,,,,,,,,,,,,,,,,,,,
20200709,1434040,,,,,,,,,,,,,,,,,,,,,,,
20200710,1469590,,,,,,,,,,,,,,,,,,,,,,,
20200711,1296730,,,,,,,,,,,,,,,,,,,,,,,
20200712,1190770,,,,,,,,,,,,,,,,,,,,,,,
20200713,1415050,,,,,,,,,,,,,,,,,,,,,,,
20200714,1435600,,,,,,,,,,,,,,,,,,,,,,,
20200715,1419880,,,,,,,,,,,,,,,,,,,,,,,
20200716,1417660,,,,,,,,,,,,,,,,,,,,,,,
20200717,1428630,,,,,,,,,,,,,,,,,,,,,,,
20200718,1287000,,,,,,,,,,,,,,,,,,,,,,,
20200719,1204540,,,,,,,,,,,,,,,,,,,,,,,
20200720,1453420,,,,,,,,,,,,,,,,,,,,,,,
20200721,1447460,,,,,,,,,,,,,,,,,,,,,,,
20200722,1452980,,,,,,,,,,,,,,,,,,,,,,,
20200723,1458970,,,,,,,,,,,,,,,,,,,,,,,
20200724,1464590,,,,,,,,,,,,,,,,,,,,,,,
20200725,1300940,,,,,,,,,,,,,,,,,,,,,,,
20200726,1216610,,,,,,,,,,,,,,,,,,,,,,,
20200727,1441240,,,,,,,,,,,,,,,,,,,,,,,
20200728,1476590,,,,,,,,,,,,,,,,,,,,,,,
20200729,1482710,,,,,,,,,,,,,,,,,,,,,,,
20200730,1488470,,,,,,,,,,,,,,,,,,,,,,,
20200731,1496340,,,,,,,,,,,,,,,,,,,,,,,
20200801,1259170,,,,,,,,,,,,,,,,,,,,,,,
20200802,1196300,,,,,,,,,,,,,,,,,,,,,,,
20200803,1299620,,,,,,,,,,,,,,,,,,,,,,,
20200804,1386110,,,,,,,,,,,,,,,,,,,,,,,
20200805,1425560,,,,,,,,,,,,,,,,,,,,,,,
20200806,1503130,,,,,,,,,,,,,,,,,,,,,,,
20200807,1496760,,,,,,,,,,,,,,,,,,,,,,,
20200808,1303460,,,,,,,,,,,,,,,,,,,,,,,
20200809,1235850,,,,,,,,,,,,,,,,,,,,,,,
20200810,1512890,,,,,,,,,,,,,,,,,,,,,,,
20200811,1598680,,,,,,,,,,,,,,,,,,,,,,,
20200812,1532690,,,,,,,,,,,,,,,,,,,,,,,
20200813,1578810,,,,,,,,,,,,,,,,,,,,,,,
20200814,1626790,,,,,,,,,,,,,,,,,,,,,,,
20200815,1447410,,,,,,,,,,,,,,,,,,,,,,,
20200816,1361710,,,,,,,,,,,,,,,,,,,,,,,
20200817,1536550,,,,,,,,,,,,,,,,,,,,,,,
20200818,1670160,,,,,,,,,,,,,,,,,,,,,,,
20200819,1647660,,,,,,,,,,,,,,,,,,,,,,,
20200820,1658490,,,,,,,,,,,,,,,,,,,,,,,
20200821,1644650,,,,,,,,,,,,,,,,,,,,,,,
20200822,1485150,,,,,,,,,,,,,,,,,,,,,,,
20200823,1330920,,,,,,,,,,,,,,,,,,,,,,,
20200824,1601120,,,,,,,,,,,,,,,,,,,,,,,
20200825,1669830,,,,,,,,,,,,,,,,,,,,,,,
20200826,1682780,,,,,,,,,,,,,,,,,,,,,,,
20200827,1702900,,,,,,,,,,,,,,,,,,,,,,,
20200828,1712140,,,,,,,,,,,,,,,,,,,,,,,
20200829,1486140,,,,,,,,,,,,,,,,,,,,,,,
20200830,1340490,,,,,,,,,,,,,,,,,,,,,,,
20200831,1584180,,,,,,,,,,,,,,,,,,,,,,,
20200901,1680340,,,,,,,,,,,,,,,,,,,,,,,
20200902,1647570,,,,,,,,,,,,,,,,,,,,,,,
20200903,1593310,,,,,,,,,,,,,,,,,,,,,,,
20200904,1554220,,,,,,,,,,,,,,,,,,,,,,,
20200905,1376880,,,,,,,,,,,,,,,,,,,,,,,
20200906,1286020,,,,,,,,,,,,,,,,,,,,,,,
20200907,1498950,,,,,,,,,,,,,,,,,,,,,,,
20200908,1488880,,,,,,,,,,,,,,,,,,,,,,,
20200909,1428920,,,,,,,,,,,,,,,,,,,,,,,
20200910,1457240,,,,,,,,,,,,,,,,,,,,,,,
20200911,1443820,,,,,,,,,,,,,,,,,,,,,,,
20200912,1323190,,,,,,,,,,,,,,,,,,,,,,,
20200913,1216100,,,,,,,,,,,,,,,,,,,,,,,
20200914,1428760,,,,,,,,,,,,,,,,,,,,,,,
20200915,1428280,,,,,,,,,,,,,,,,,,,,,,,
20200916,1432230,,,,,,,,,,,,,,,,,,,,,,,
20200917,1466600,,,,,,,,,,,,,,,,,,,,,,,
20200918,1441070,,,,,,,,,,,,,,,,,,,,,,,
20200919,1283230,,,,,,,,,,,,,,,,,,,,,,,
20200920,1176960,,,,,,,,,,,,,,,,,,,,,,,
20200921,1396020,,,,,,,,,,,,,,,,,,,,,,,
20200922,1386400,,,,,,,,,,,,,,,,,,,,,,,
20200923,1376240,,,,,,,,,,,,,,,,,,,,,,,
20200924,1402070,,,,,,,,,,,,,,,,,,,,,,,
20200925,1395450,,,,,,,,,,,,,,,,,,,,,,,
20200926,1253920,,,,,,,,,,,,,,,,,,,,,,,
20200927,1134200,,,,,,,,,,,,,,,,,,,,,,,
20200928,1334740,,,,,,,,,,,,,,,,,,,,,,,
20200929,1327950,,,,,,,,,,,,,,,,,,,,,,,
20200930,1065780,,,,,,,,,,,,,,,,,,,,,,,
20201001,955230,,,,,,,,,,,,,,,,,,,,,,,
20201002,990320,,,,,,,,,,,,,,,,,,,,,,,
20201003,1043490,,,,,,,,,,,,,,,,,,,,,,,
20201004,1086670,,,,,,,,,,,,,,,,,,,,,,,
20201005,1305540,,,,,,,,,,,,,,,,,,,,,,,
20201006,1348570,,,,,,,,,,,,,,,,,,,,,,,
20201007,1317060,,,,,,,,,,,,,,,,,,,,,,,
20201008,1356230,,,,,,,,,,,,,,,,,,,,,,,
20201009,1302620,,,,,,,,,,,,,,,,,,,,,,,
20201010,1231300,,,,,,,,,,,,,,,,,,,,,,,
20201011,1116930,,,,,,,,,,,,,,,,,,,,,,,
20201012,1307280,,,,,,,,,,,,,,,,,,,,,,,
20201013,1348130,,,,,,,,,,,,,,,,,,,,,,,
20201014,1350280,,,,,,,,,,,,,,,,,,,,,,,
20201015,1382860,,,,,,,,,,,,,,,,,,,,,,,
20201016,1407620,,,,,,,,,,,,,,,,,,,,,,,
20201017,1246190,,,,,,,,,,,,,,,,,,,,,,,
20201018,1178210,,,,,,,,,,,,,,,,,,,,,,,
20201019,1339390,,,,,,,,,,,,,,,,,,,,,,,
20201020,1378110,,,,,,,,,,,,,,,,,,,,,,,
20201021,1398510,,,,,,,,,,,,,,,,,,,,,,,
20201022,1400380,,,,,,,,,,,,,,,,,,,,,,,
20201023,1429250,,,,,,,,,,,,,,,,,,,,,,,
20201024,1278830,,,,,,,,,,,,,,,,,,,,,,,
20201025,1201740,,,,,,,,,,,,,,,,,,,,,,,
20201026,1347310,,,,,,,,,,,,,,,,,,,,,,,
20201027,1397680,,,,,,,,,,,,,,,,,,,,,,,
20201028,1388320,,,,,,,,,,,,,,,,,,,,,,,
20201029,1385610,,,,,,,,,,,,,,,,,,,,,,,
20201030,1382040,,,,,,,,,,,,,,,,,,,,,,,
20201031,1243980,,,,,,,,,,,,,,,,,,,,,,,
20201101,1157590,,,,,,,,,,,,,,,,,,,,,,,
20201102,1340750,,,,,,,,,,,,,,,,,,,,,,,
20201103,1361580,,,,,,,,,,,,,,,,,,,,,,,
20201104,1416110,,,,,,,,,,,,,,,,,,,,,,,
20201105,1432220,,,,,,,,,,,,,,,,,,,,,,,
20201106,1450380,,,,,,,,,,,,,,,,,,,,,,,
20201107,1271320,,,,,,,,,,,,,,,,,,,,,,,
20201108,1221590,,,,,,,,,,,,,,,,,,,,,,,
20201109,1394860,,,,,,,,,,,,,,,,,,,,,,,
20201110,1438760,,,,,,,,,,,,,,,,,,,,,,,
20201111,1451250,,,,,,,,,,,,,,,,,,,,,,,
20201112,1433880,,,,,,,,,,,,,,,,,,,,,,,
20201113,1436310,,,,,,,,,,,,,,,,,,,,,,,
20201114,1278660,,,,,,,,,,,,,,,,,,,,,,,
20201115,1175600,,,,,,,,,,,,,,,,,,,,,,,
20201116,1382120,,,,,,,,,,,,,,,,,,,,,,,
20201117,1437920,,,,,,,,,,,,,,,,,,,,,,,
20201118,1434680,,,,,,,,,,,,,,,,,,,,,,,
20201119,1453380,,,,,,,,,,,,,,,,,,,,,,,
20201120,1440930,,,,,,,,,,,,,,,,,,,,,,,
20201121,1312880,,,,,,,,,,,,,,,,,,,,,,,
20201122,1262420,,,,,,,,,,,,,,,,,,,,,,,
20201123,1434520,,,,,,,,,,,,,,,,,,,,,,,
20201124,1541490,,,,,,,,,,,,,,,,,,,,,,,
20201125,1515560,,,,,,,,,,,,,,,,,,,,,,,
20201126,1513680,,,,,,,,,,,,,,,,,,,,,,,
20201127,1530440,,,,,,,,,,,,,,,,,,,,,,,
20201128,1348860,,,,,,,,,,,,,,,,,,,,,,,
20201129,1296850,,,,,,,,,,,,,,,,,,,,,,,
20201130,1489780,,,,,,,,,,,,,,,,,,,,,,,
20201201,1531140,,,,,,,,,,,,,,,,,,,,,,,
20201202,1572310,,,,,,,,,,,,,,,,,,,,,,,
20201203,1559650,,,,,,,,,,,,,,,,,,,,,,,
20201204,1580250,,,,,,,,,,,,,,,,,,,,,,,
20201205,1422680,,,,,,,,,,,,,,,,,,,,,,,
20201206,1296900,,,,,,,,,,,,,,,,,,,,,,,
20201207,1522730,,,,,,,,,,,,,,,,,,,,,,,
20201208,1576660,,,,,,,,,,,,,,,,,,,,,,,
20201209,1591800,,,,,,,,,,,,,,,,,,,,,,,
20201210,1603460,,,,,,,,,,,,,,,,,,,,,,,
20201211,1589760,,,,,,,,,,,,,,,,,,,,,,,
20201212,1392710,,,,,,,,,,,,,,,,,,,,,,,
20201213,1370040,,,,,,,,,,,,,,,,,,,,,,,
20201214,1614830,,,,,,,,,,,,,,,,,,,,,,,
20201215,1704910,,,,,,,,,,,,,,,,,,,,,,,
20201216,1734820,,,,,,,,,,,,,,,,,,,,,,,
20201217,1710150,,,,,,,,,,,,,,,,,,,,,,,
20201218,1721440,,,,,,,,,,,,,,,,,,,,,,,
20201219,1494540,,,,,,,,,,,,,,,,,,,,,,,
20201220,1366220,,,,,,,,,,,,,,,,,,,,,,,
20201221,1660180,,,,,,,,,,,,,,,,,,,,,,,
20201222,1665420,,,,,,,,,,,,,,,,,,,,,,,
20201223,1628120,,,,,,,,,,,,,,,,,,,,,,,
20201224,1657210,,,,,,,,,,,,,,,,,,,,,,,
20201225,1462100,,,,,,,,,,,,,,,,,,,,,,,
20201226,1353480,,,,,,,,,,,,,,,,,,,,,,,
20201227,1403560,,,,,,,,,,,,,,,,,,,,,,,
20201228,1623000,,,,,,,,,,,,,,,,,,,,,,,
20201229,1621790,,,,,,,,,,,,,,,,,,,,,,,
20201230,1641750,,,,,,,,,,,,,,,,,,,,,,,
20201231,1646140,,,,,,,,,,,,,,,,,,,,,,,
20210101,1387910,,,,,,,,,,,,,,,,,,,,,,,
20210102,1396050,,,,,,,,,,,,,,,,,,,,,,,
20210103,1316910,,,,,,,,,,,,,,,,,,,,,,,
20210104,1572940,,,,,,,,,,,,,,,,,,,,,,,
20210105,1661760,,,,,,,,,,,,,,,,,,,,,,,
20210106,1674840,,,,,,,,,,,,,,,,,,,,,,,
20210107,1788330,,,,,,,,,,,,,,,,,,,,,,,
20210108,1804280,,,,,,,,,,,,,,,,,,,,,,,
20210109,1615940,,,,,,,,,,,,,,,,,,,,,,,
20210110,1456390,,,,,,,,,,,,,,,,,,,,,,,
20210111,1695180,,,,,,,,,,,,,,,,,,,,,,,
20210112,1791390,,,,,,,,,,,,,,,,,,,,,,,
20210113,1821540,,,,,,,,,,,,,,,,,,,,,,,
20210114,1733600,,,,,,,,,,,,,,,,,,,,,,,
20210115,1667400,,,,,,,,,,,,,,,,,,,,,,,
20210116,1473620,,,,,,,,,,,,,,,,,,,,,,,
20210117,1473230,,,,,,,,,,,,,,,,,,,,,,,
20210118,1669870,,,,,,,,,,,,,,,,,,,,,,,
20210119,1754250,,,,,,,,,,,,,,,,,,,,,,,
20210120,1722410,,,,,,,,,,,,,,,,,,,,,,,
20210121,1703190,,,,,,,,,,,,,,,,,,,,,,,
20210122,1672830,,,,,,,,,,,,,,,,,,,,,,,
20210123,1481640,,,,,,,,,,,,,,,,,,,,,,,
20210124,1410310,,,,,,,,,,,,,,,,,,,,,,,
20210125,1605220,,,,,,,,,,,,,,,,,,,,,,,
20210126,1605620,,,,,,,,,,,,,,,,,,,,,,,
20210127,1584570,,,,,,,,,,,,,,,,,,,,,,,
20210128,1632120,,,,,,,,,,,,,,,,,,,,,,,
20210129,1708650,,,,,,,,,,,,,,,,,,,,,,,
20210130,1454740,,,,,,,,,,,,,,,,,,,,,,,
20210131,1320150,,,,,,,,,,,,,,,,,,,,,,,
20210201,1545170,,,,,,,,,,,,,,,,,,,,,,,
20210202,1659260,,,,,,,,,,,,,,,,,,,,,,,
20210203,1692200,,,,,,,,,,,,,,,,,,,,,,,
20210204,1683340,,,,,,,,,,,,,,,,,,,,,,,
20210205,1660190,,,,,,,,,,,,,,,,,,,,,,,
20210206,1436520,,,,,,,,,,,,,,,,,,,,,,,
20210207,1363230,,,,,,,,,,,,,,,,,,,,,,,
20210208,1619400,,,,,,,,,,,,,,,,,,,,,,,
20210209,1631520,,,,,,,,,,,,,,,,,,,,,,,
20210210,1524820,,,,,,,,,,,,,,,,,,,,,,,
20210211,1237290,,,,,,,,,,,,,,,,,,,,,,,
20210212,1114470,,,,,,,,,,,,,,,,,,,,,,,
20210213,1165880,,,,,,,,,,,,,,,,,,,,,,,
20210214,1221700,,,,,,,,,,,,,,,,,,,,,,,
20210215,1512770,,,,,,,,,,,,,,,,,,,,,,,
20210216,1651930,,,,,,,,,,,,,,,,,,,,,,,
20210217,1661130,,,,,,,,,,,,,,,,,,,,,,,
20210218,1703580,,,,,,,,,,,,,,,,,,,,,,,
20210219,1646950,,,,,,,,,,,,,,,,,,,,,,,
20210220,1455370,,,,,,,,,,,,,,,,,,,,,,,
20210221,1287600,,,,,,,,,,,,,,,,,,,,,,,
20210222,1576420,,,,,,,,,,,,,,,,,,,,,,,
20210223,1559000,,,,,,,,,,,,,,,,,,,,,,,
20210224,1550940,,,,,,,,,,,,,,,,,,,,,,,
20210225,1558220,,,,,,,,,,,,,,,,,,,,,,,
20210226,1529200,,,,,,,,,,,,,,,,,,,,,,,
20210227,1386360,,,,,,,,,,,,,,,,,,,,,,,
20210228,1267990,,,,,,,,,,,,,,,,,,,,,,,
20210301,1351270,,,,,,,,,,,,,,,,,,,,,,,
20210302,1500400,,,,,,,,,,,,,,,,,,,,,,,
20210303,1536260,,,,,,,,,,,,,,,,,,,,,,,
20210304,1573180,,,,,,,,,,,,,,,,,,,,,,,
20210305,1494740,,,,,,,,,,,,,,,,,,,,,,,
20210306,1365830,,,,,,,,,,,,,,,,,,,,,,,
20210307,1251140,,,,,,,,,,,,,,,,,,,,,,,
20210308,1534310,,,,,,,,,,,,,,,,,,,,,,,
20210309,1511690,,,,,,,,,,,,,,,,,,,,,,,
20210310,1482550,,,,,,,,,,,,,,,,,,,,,,,
20210311,1484060,,,,,,,,,,,,,,,,,,,,,,,
20210312,1533060,,,,,,,,,,,,,,,,,,,,,,,
20210313,1337150,,,,,,,,,,,,,,,,,,,,,,,
20210314,1261350,,,,,,,,,,,,,,,,,,,,,,,
20210315,1436880,,,,,,,,,,,,,,,,,,,,,,,
20210316,1429190,,,,,,,,,,,,,,,,,,,,,,,
20210317,1453320,,,,,,,,,,,,,,,,,,,,,,,
20210318,1441290,,,,,,,,,,,,,,,,,,,,,,,
20210319,1428790,,,,,,,,,,,,,,,,,,,,,,,
20210320,1331500,,,,,,,,,,,,,,,,,,,,,,,
20210321,1240200,,,,,,,,,,,,,,,,,,,,,,,
20210322,1440320,,,,,,,,,,,,,,,,,,,,,,,
20210323,1419780,,,,,,,,,,,,,,,,,,,,,,,
20210324,1458210,,,,,,,,,,,,,,,,,,,,,,,
20210325,1425130,,,,,,,,,,,,,,,,,,,,,,,
20210326,1402270,,,,,,,,,,,,,,,,,,,,,,,
20210327,1288980,,,,,,,,,,,,,,,,,,,,,,,
20210328,1198420,,,,,,,,,,,,,,,,,,,,,,,
20210329,1385720,,,,,,,,,,,,,,,,,,,,,,,
20210330,1398020,,,,,,,,,,,,,,,,,,,,,,,
20210331,1396050,,,,,,,,,,,,,,,,,,,,,,,
20210401,1394520,,,,,,,,,,,,,,,,,,,,,,,
20210402,1386550,,,,,,,,,,,,,,,,,,,,,,,
20210403,1280230,,,,,,,,,,,,,,,,,,,,,,,
20210404,1181090,,,,,,,,,,,,,,,,,,,,,,,
20210405,1361050,,,,,,,,,,,,,,,,,,,,,,,
20210406,1394480,,,,,,,,,,,,,,,,,,,,,,,
20210407,1386250,,,,,,,,,,,,,,,,,,,,,,,
20210408,1393100,,,,,,,,,,,,,,,,,,,,,,,
20210409,1365520,,,,,,,,,,,,,,,,,,,,,,,
20210410,1249450,,,,,,,,,,,,,,,,,,,,,,,
20210411,1181140,,,,,,,,,,,,,,,,,,,,,,,
20210412,1335280,,,,,,,,,,,,,,,,,,,,,,,
20210413,1399130,,,,,,,,,,,,,,,,,,,,,,,
20210414,1405890,,,,,,,,,,,,,,,,,,,,,,,
20210415,1385530,,,,,,,,,,,,,,,,,,,,,,,
20210416,1434070,,,,,,,,,,,,,,,,,,,,,,,
20210417,1263190,,,,,,,,,,,,,,,,,,,,,,,
20210418,1189390,,,,,,,,,,,,,,,,,,,,,,,
20210419,1343850,,,,,,,,,,,,,,,,,,,,,,,
20210420,1368150,,,,,,,,,,,,,,,,,,,,,,,
20210421,1403390,,,,,,,,,,,,,,,,,,,,,,,
20210422,1400080,,,,,,,,,,,,,,,,,,,,,,,
20210423,1392130,,,,,,,,,,,,,,,,,,,,,,,
20210424,1214390,,,,,,,,,,,,,,,,,,,,,,,
20210425,1135970,,,,,,,,,,,,,,,,,,,,,,,
20210426,1379550,,,,,,,,,,,,,,,,,,,,,,,
20210427,1420390,,,,,,,,,,,,,,,,,,,,,,,
20210428,1399710,,,,,,,,,,,,,,,,,,,,,,,
20210429,1363640,,,,,,,,,,,,,,,,,,,,,,,
20210430,1363350,,,,,,,,,,,,,,,,,,,,,,,
20210501,1247070,,,,,,,,,,,,,,,,,,,,,,,
20210502,1155940,,,,,,,,,,,,,,,,,,,,,,,
20210503,1314550,,,,,,,,,,,,,,,,,,,,,,,
20210504,1368050,,,,,,,,,,,,,,,,,,,,,,,
20210505,1228200,,,,,,,,,,,,,,,,,,,,,,,
20210506,1328290,,,,,,,,,,,,,,,,,,,,,,,
20210507,1350280,,,,,,,,,,,,,,,,,,,,,,,
20210508,1204040,,,,,,,,,,,,,,,,,,,,,,,
20210509,1105620,,,,,,,,,,,,,,,,,,,,,,,
20210510,1330930,,,,,,,,,,,,,,,,,,,,,,,
20210511,1361230,,,,,,,,,,,,,,,,,,,,,,,
20210512,1375550,,,,,,,,,,,,,,,,,,,,,,,
20210513,1372070,,,,,,,,,,,,,,,,,,,,,,,
20210514,1366300,,,,,,,,,,,,,,,,,,,,,,,
20210515,1300930,,,,,,,,,,,,,,,,,,,,,,,
20210516,1138310,,,,,,,,,,,,,,,,,,,,,,,
20210517,1371160,,,,,,,,,,,,,,,,,,,,,,,
20210518,1393270,,,,,,,,,,,,,,,,,,,,,,,
20210519,1259430,,,,,,,,,,,,,,,,,,,,,,,
20210520,1398880,,,,,,,,,,,,,,,,,,,,,,,
20210521,1406930,,,,,,,,,,,,,,,,,,,,,,,
20210522,1219690,,,,,,,,,,,,,,,,,,,,,,,
20210523,1167790,,,,,,,,,,,,,,,,,,,,,,,
20210524,1384900,,,,,,,,,,,,,,,,,,,,,,,
20210525,1397260,,,,,,,,,,,,,,,,,,,,,,,
20210526,1362300,,,,,,,,,,,,,,,,,,,,,,,
20210527,1406740,,,,,,,,,,,,,,,,,,,,,,,
20210528,1393680,,,,,,,,,,,,,,,,,,,,,,,
20210529,1208500,,,,,,,,,,,,,,,,,,,,,,,
20210530,1142830,,,,,,,,,,,,,,,,,,,,,,,
20210531,1340400,,,,,,,,,,,,,,,,,,,,,,,
20210601,1392170,,,,,,,,,,,,,,,,,,,,,,,
20210602,1386800,,,,,,,,,,,,,,,,,,,,,,,
20210603,1446350,,,,,,,,,,,,,,,,,,,,,,,
20210604,1394220,,,,,,,,,,,,,,,,,,,,,,,
20210605,1216200,,,,,,,,,,,,,,,,,,,,,,,
20210606,1135620,,,,,,,,,,,,,,,,,,,,,,,
20210607,1414820,,,,,,,,,,,,,,,,,,,,,,,
20210608,1417920,,,,,,,,,,,,,,,,,,,,,,,
20210609,1443600,,,,,,,,,,,,,,,,,,,,,,,
20210610,1476140,,,,,,,,,,,,,,,,,,,,,,,
20210611,1481090,,,,,,,,,,,,,,,,,,,,,,,
20210612,1258920,,,,,,,,,,,,,,,,,,,,,,,
20210613,1177170,,,,,,,,,,,,,,,,,,,,,,,
20210614,1461740,,,,,,,,,,,,,,,,,,,,,,,
20210615,1489880,,,,,,,,,,,,,,,,,,,,,,,
20210616,1519630,,,,,,,,,,,,,,,,,,,,,,,
20210617,1519500,,,,,,,,,,,,,,,,,,,,,,,
20210618,1483000,,,,,,,,,,,,,,,,,,,,,,,
20210619,1286050,,,,,,,,,,,,,,,,,,,,,,,
20210620,1213300,,,,,,,,,,,,,,,,,,,,,,,
20210621,1433900,,,,,,,,,,,,,,,,,,,,,,,
20210622,1477030,,,,,,,,,,,,,,,,,,,,,,,
20210623,1448850,,,,,,,,,,,,,,,,,,,,,,,
20210624,1461460,,,,,,,,,,,,,,,,,,,,,,,
20210625,1462860,,,,,,,,,,,,,,,,,,,,,,,
20210626,1311970,,,,,,,,,,,,,,,,,,,,,,,
20210627,1198950,,,,,,,,,,,,,,,,,,,,,,,
20210628,1454330,,,,,,,,,,,,,,,,,,,,,,,
20210629,1488260,,,,,,,,,,,,,,,,,,,,,,,
20210630,1531860,,,,,,,,,,,,,,,,,,,,,,,
20210701,1530320,,,,,,,,,,,,,,,,,,,,,,,
20210702,1539670,,,,,,,,,,,,,,,,,,,,,,,
20210703,1353620,,,,,,,,,,,,,,,,,,,,,,,
20210704,1251390,,,,,,,,,,,,,,,,,,,,,,,
20210705,1504890,,,,,,,,,,,,,,,,,,,,,,,
20210706,1548790,,,,,,,,,,,,,,,,,,,,,,,
20210707,1545100,,,,,,,,,,,,,,,,,,,,,,,
20210708,1583470,,,,,,,,,,,,,,,,,,,,,,,
20210709,1601210,,,,,,,,,,,,,,,,,,,,,,,
20210710,1418250,,,,,,,,,,,,,,,,,,,,,,,
20210711,1317420,,,,,,,,,,,,,,,,,,,,,,,
20210712,1571860,,,,,,,,,,,,,,,,,,,,,,,
20210713,1647200,,,,,,,,,,,,,,,,,,,,,,,
20210714,1694320,,,,,,,,,,,,,,,,,,,,,,,
20210715,1657730,,,,,,,,,,,,,,,,,,,,,,,
20210716,1676940,,,,,,,,,,,,,,,,,,,,,,,
20210717,1487380,,,,,,,,,,,,,,,,,,,,,,,
20210718,1371570,,,,,,,,,,,,,,,,,,,,,,,
20210719,1636610,,,,,,,,,,,,,,,,,,,,,,,
20210720,1763040,,,,,,,,,,,,,,,,,,,,,,,
20210721,1742480,,,,,,,,,,,,,,,,,,,,,,,
20210722,1786780,,,,,,,,,,,,,,,,,,,,,,,
20210723,1743650,,,,,,,,,,,,,,,,,,,,,,,
20210724,1525870,,,,,,,,,,,,,,,,,,,,,,,
20210725,1414800,,,,,,,,,,,,,,,,,,,,,,,
20210726,1699460,,,,,,,,,,,,,,,,,,,,,,,
20210727,1752270,,,,,,,,,,,,,,,,,,,,,,,
20210728,1771940,,,,,,,,,,,,,,,,,,,,,,,
20210729,1765030,,,,,,,,,,,,,,,,,,,,,,,
20210730,1752470,,,,,,,,,,,,,,,,,,,,,,,
20210731,1539740,,,,,,,,,,,,,,,,,,,,,,,
20210801,1441170,,,,,,,,,,,,,,,,,,,,,,,
20210802,1591990,,,,,,,,,,,,,,,,,,,,,,,
20210803,1586240,,,,,,,,,,,,,,,,,,,,,,,
20210804,1534730,,,,,,,,,,,,,,,,,,,,,,,
20210805,1594590,,,,,,,,,,,,,,,,,,,,,,,
20210806,1661040,,,,,,,,,,,,,,,,,,,,,,,
20210807,1546240,,,,,,,,,,,,,,,,,,,,,,,
20210808,1439800,,,,,,,,,,,,,,,,,,,,,,,
20210809,1689520,,,,,,,,,,,,,,,,,,,,,,,
20210810,1696120,,,,,,,,,,,,,,,,,,,,,,,
20210811,1676790,,,,,,,,,,,,,,,,,,,,,,,
20210812,1675140,,,,,,,,,,,,,,,,,,,,,,,
20210813,1669020,,,,,,,,,,,,,,,,,,,,,,,
20210814,1461460,,,,,,,,,,,,,,,,,,,,,,,
20210815,1358520,,,,,,,,,,,,,,,,,,,,,,,
20210816,1488400,,,,,,,,,,,,,,,,,,,,,,,
20210817,1603890,,,,,,,,,,,,,,,,,,,,,,,
20210818,1622240,,,,,,,,,,,,,,,,,,,,,,,
20210819,1610970,,,,,,,,,,,,,,,,,,,,,,,
20210820,1590610,,,,,,,,,,,,,,,,,,,,,,,
20210821,1469470,,,,,,,,,,,,,,,,,,,,,,,
20210822,1390260,,,,,,,,,,,,,,,,,,,,,,,
20210823,1577810,,,,,,,,,,,,,,,,,,,,,,,
20210824,1608450,,,,,,,,,,,,,,,,,,,,,,,
20210825,1599250,,,,,,,,,,,,,,,,,,,,,,,
20210826,1639030,,,,,,,,,,,,,,,,,,,,,,,
20210827,1614060,,,,,,,,,,,,,,,,,,,,,,,
20210828,1438100,,,,,,,,,,,,,,,,,,,,,,,
20210829,1337420,,,,,,,,,,,,,,,,,,,,,,,
20210830,1559360,,,,,,,,,,,,,,,,,,,,,,,
20210831,1589960,,,,,,,,,,,,,,,,,,,,,,,
20210901,1594760,,,,,,,,,,,,,,,,,,,,,,,
20210902,1582340,,,,,,,,,,,,,,,,,,,,,,,
20210903,1530950,,,,,,,,,,,,,,,,,,,,,,,
20210904,1352430,,,,,,,,,,,,,,,,,,,,,,,
20210905,1275020,,,,,,,,,,,,,,,,,,,,,,,
20210906,1483470,,,,,,,,,,,,,,,,,,,,,,,
20210907,1513290,,,,,,,,,,,,,,,,,,,,,,,
20210908,1509760,,,,,,,,,,,,,,,,,,,,,,,
20210909,1526310,,,,,,,,,,,,,,,,,,,,,,,
20210910,1519930,,,,,,,,,,,,,,,,,,,,,,,
20210911,1345200,,,,,,,,,,,,,,,,,,,,,,,
20210912,1269910,,,,,,,,,,,,,,,,,,,,,,,
20210913,1478240,,,,,,,,,,,,,,,,,,,,,,,
20210914,1523140,,,,,,,,,,,,,,,,,,,,,,,
20210915,1546360,,,,,,,,,,,,,,,,,,,,,,,
20210916,1524420,,,,,,,,,,,,,,,,,,,,,,,
20210917,1442290,,,,,,,,,,,,,,,,,,,,,,,
20210918,1230930,,,,,,,,,,,,,,,,,,,,,,,
20210919,1105190,,,,,,,,,,,,,,,,,,,,,,,
20210920,1058570,,,,,,,,,,,,,,,,,,,,,,,
20210921,1008510,,,,,,,,,,,,,,,,,,,,,,,
20210922,1050890,,,,,,,,,,,,,,,,,,,,,,,
20210923,1295800,,,,,,,,,,,,,,,,,,,,,,,
20210924,1452290,,,,,,,,,,,,,,,,,,,,,,,
20210925,1305570,,,,,,,,,,,,,,,,,,,,,,,
20210926,1233610,,,,,,,,,,,,,,,,,,,,,,,
20210927,1433080,,,,,,,,,,,,,,,,,,,,,,,
20210928,1472350,,,,,,,,,,,,,,,,,,,,,,,
20210929,1466150,,,,,,,,,,,,,,,,,,,,,,,
20210930,1485710,,,,,,,,,,,,,,,,,,,,,,,
20211001,1488670,,,,,,,,,,,,,,,,,,,,,,,
20211002,1300820,,,,,,,,,,,,,,,,,,,,,,,
20211003,1216930,,,,,,,,,,,,,,,,,,,,,,,
20211004,1333690,,,,,,,,,,,,,,,,,,,,,,,
20211005,1458550,,,,,,,,,,,,,,,,,,,,,,,
20211006,1444980,,,,,,,,,,,,,,,,,,,,,,,
20211007,1487780,,,,,,,,,,,,,,,,,,,,,,,
20211008,1482500,,,,,,,,,,,,,,,,,,,,,,,
20211009,1298660,,,,,,,,,,,,,,,,,,,,,,,
20211010,1209450,,,,,,,,,,,,,,,,,,,,,,,
20211011,1363920,,,,,,,,,,,,,,,,,,,,,,,
20211012,1428670,,,,,,,,,,,,,,,,,,,,,,,
20211013,1440320,,,,,,,,,,,,,,,,,,,,,,,
20211014,1450300,,,,,,,,,,,,,,,,,,,,,,,
20211015,1444840,,,,,,,,,,,,,,,,,,,,,,,
20211016,1309720,,,,,,,,,,,,,,,,,,,,,,,
20211017,1217820,,,,,,,,,,,,,,,,,,,,,,,
20211018,1424050,,,,,,,,,,,,,,,,,,,,,,,
20211019,1437100,,,,,,,,,,,,,,,,,,,,,,,
20211020,1425770,,,,,,,,,,,,,,,,,,,,,,,
20211021,1445700,,,,,,,,,,,,,,,,,,,,,,,
20211022,1420670,,,,,,,,,,,,,,,,,,,,,,,
20211023,1234830,,,,,,,,,,,,,,,,,,,,,,,
20211024,1190060,,,,,,,,,,,,,,,,,,,,,,,
20211025,1374660,,,,,,,,,,,,,,,,,,,,,,,
